Signal,Fan-in,Fan-out,Logic Depth
Signal_0,5,5,4
Signal_1,8,1,20
Signal_2,7,5,15
Signal_3,8,9,1
Signal_4,3,1,15
Signal_5,3,2,16
Signal_6,10,7,19
Signal_7,6,6,11
Signal_8,3,9,4
Signal_9,5,5,9
Signal_10,8,1,16
Signal_11,7,9,3
Signal_12,1,2,15
Signal_13,5,5,8
Signal_14,10,4,13
Signal_15,2,1,10
Signal_16,6,3,14
Signal_17,7,1,14
Signal_18,3,5,5
Signal_19,6,6,17
Signal_20,3,3,5
Signal_21,1,7,14
Signal_22,3,1,14
Signal_23,3,6,15
Signal_24,9,9,5
Signal_25,4,4,8
Signal_26,10,4,6
Signal_27,9,9,15
Signal_28,4,6,1
Signal_29,6,5,14
Signal_30,1,8,5
Signal_31,8,8,11
Signal_32,6,7,19
Signal_33,9,10,18
Signal_34,2,3,12
Signal_35,7,3,10
Signal_36,9,2,4
Signal_37,3,4,9
Signal_38,4,7,12
Signal_39,2,5,16
Signal_40,2,7,3
Signal_41,3,4,7
Signal_42,3,10,16
Signal_43,3,4,16
Signal_44,7,5,18
Signal_45,3,8,10
Signal_46,9,4,18
Signal_47,7,8,12
Signal_48,9,6,11
Signal_49,9,7,1
Signal_50,6,7,6
Signal_51,5,5,5
Signal_52,4,9,19
Signal_53,1,4,8
Signal_54,10,8,15
Signal_55,6,6,4
Signal_56,4,10,11
Signal_57,4,9,20
Signal_58,10,6,7
Signal_59,8,10,10
Signal_60,9,3,18
Signal_61,7,4,3
Signal_62,7,7,12
Signal_63,9,7,13
Signal_64,7,5,15
Signal_65,3,2,10
Signal_66,1,10,13
Signal_67,9,5,17
Signal_68,5,5,15
Signal_69,8,5,16
Signal_70,6,9,10
Signal_71,2,9,18
Signal_72,6,2,19
Signal_73,2,6,6
Signal_74,6,8,2
Signal_75,8,4,8
Signal_76,4,5,14
Signal_77,4,10,10
Signal_78,3,2,17
Signal_79,9,1,20
Signal_80,9,5,17
Signal_81,6,4,8
Signal_82,3,2,15
Signal_83,10,10,1
Signal_84,4,9,9
Signal_85,1,4,4
Signal_86,1,2,18
Signal_87,3,6,14
Signal_88,8,1,8
Signal_89,8,1,20
Signal_90,2,2,17
Signal_91,6,7,20
Signal_92,6,10,10
Signal_93,4,2,4
Signal_94,7,9,12
Signal_95,5,10,18
Signal_96,5,9,14
Signal_97,5,4,17
Signal_98,6,3,15
Signal_99,3,5,17
Signal_100,9,1,10
Signal_101,3,4,9
Signal_102,3,9,2
Signal_103,10,3,19
Signal_104,2,5,1
Signal_105,9,9,12
Signal_106,3,6,15
Signal_107,10,3,12
Signal_108,8,4,6
Signal_109,1,10,1
Signal_110,2,7,14
Signal_111,2,7,16
Signal_112,7,7,4
Signal_113,3,6,14
Signal_114,7,8,6
Signal_115,6,7,8
Signal_116,5,6,1
Signal_117,3,10,14
Signal_118,5,9,9
Signal_119,1,10,6
Signal_120,6,5,2
Signal_121,3,9,13
Signal_122,9,10,16
Signal_123,10,10,13
Signal_124,6,10,1
Signal_125,7,5,16
Signal_126,1,7,11
Signal_127,2,8,14
Signal_128,6,2,6
Signal_129,6,7,7
Signal_130,9,5,9
Signal_131,10,10,17
Signal_132,6,10,17
Signal_133,2,10,3
Signal_134,4,5,4
Signal_135,2,1,2
Signal_136,2,6,4
Signal_137,3,4,7
Signal_138,4,7,10
Signal_139,9,8,18
Signal_140,1,2,18
Signal_141,6,10,12
Signal_142,7,3,5
Signal_143,9,1,5
Signal_144,3,10,3
Signal_145,3,7,12
Signal_146,4,9,14
Signal_147,1,1,13
Signal_148,1,2,20
Signal_149,4,1,15
Signal_150,7,6,3
Signal_151,2,5,5
Signal_152,6,6,2
Signal_153,9,7,14
Signal_154,8,2,3
Signal_155,7,8,7
Signal_156,1,3,2
Signal_157,10,1,20
Signal_158,7,10,6
Signal_159,3,10,7
Signal_160,7,10,18
Signal_161,3,1,15
Signal_162,10,10,2
Signal_163,1,7,5
Signal_164,4,1,7
Signal_165,9,1,10
Signal_166,2,4,7
Signal_167,10,1,14
Signal_168,4,10,9
Signal_169,5,5,9
Signal_170,5,1,6
Signal_171,2,6,16
Signal_172,3,10,4
Signal_173,4,10,12
Signal_174,3,9,1
Signal_175,8,8,18
Signal_176,3,9,17
Signal_177,7,1,1
Signal_178,10,10,2
Signal_179,5,10,14
Signal_180,7,3,10
Signal_181,4,8,8
Signal_182,7,2,15
Signal_183,4,6,14
Signal_184,1,2,16
Signal_185,3,5,18
Signal_186,9,4,1
Signal_187,2,8,7
Signal_188,10,1,1
Signal_189,4,4,8
Signal_190,9,10,4
Signal_191,7,3,17
Signal_192,1,1,13
Signal_193,10,1,19
Signal_194,2,5,17
Signal_195,2,10,20
Signal_196,3,8,7
Signal_197,9,5,17
Signal_198,7,7,16
Signal_199,7,9,20
Signal_200,2,8,11
Signal_201,1,3,11
Signal_202,6,8,6
Signal_203,3,10,10
Signal_204,3,2,1
Signal_205,6,10,10
Signal_206,2,9,17
Signal_207,2,7,2
Signal_208,9,2,6
Signal_209,1,9,18
Signal_210,4,7,18
Signal_211,10,8,4
Signal_212,10,4,3
Signal_213,3,1,8
Signal_214,5,9,5
Signal_215,2,9,14
Signal_216,10,7,11
Signal_217,9,1,17
Signal_218,4,10,6
Signal_219,4,7,16
Signal_220,9,10,16
Signal_221,5,4,2
Signal_222,10,5,17
Signal_223,1,10,8
Signal_224,2,4,18
Signal_225,2,7,9
Signal_226,2,9,13
Signal_227,1,6,19
Signal_228,9,6,6
Signal_229,6,6,19
Signal_230,10,9,3
Signal_231,2,9,1
Signal_232,10,6,1
Signal_233,4,4,13
Signal_234,9,8,14
Signal_235,9,10,15
Signal_236,1,3,15
Signal_237,7,4,3
Signal_238,9,2,20
Signal_239,3,7,10
Signal_240,2,10,15
Signal_241,6,4,18
Signal_242,4,10,7
Signal_243,6,3,17
Signal_244,10,10,3
Signal_245,6,2,9
Signal_246,7,6,15
Signal_247,4,4,2
Signal_248,2,7,14
Signal_249,5,2,14
Signal_250,7,2,4
Signal_251,6,8,5
Signal_252,10,9,8
Signal_253,5,9,13
Signal_254,3,1,18
Signal_255,3,2,17
Signal_256,6,1,18
Signal_257,2,9,10
Signal_258,2,8,6
Signal_259,9,6,7
Signal_260,8,6,2
Signal_261,5,8,7
Signal_262,2,4,9
Signal_263,5,10,4
Signal_264,2,3,18
Signal_265,3,7,6
Signal_266,1,10,3
Signal_267,3,2,1
Signal_268,7,6,14
Signal_269,2,3,17
Signal_270,2,5,12
Signal_271,1,7,10
Signal_272,7,1,8
Signal_273,10,1,7
Signal_274,4,3,11
Signal_275,3,5,5
Signal_276,2,5,6
Signal_277,9,1,13
Signal_278,2,8,16
Signal_279,2,9,15
Signal_280,9,2,19
Signal_281,5,8,19
Signal_282,2,9,1
Signal_283,6,9,5
Signal_284,8,4,1
Signal_285,6,2,6
Signal_286,3,4,17
Signal_287,1,1,1
Signal_288,7,8,7
Signal_289,7,7,4
Signal_290,2,2,11
Signal_291,3,3,17
Signal_292,7,10,5
Signal_293,6,10,1
Signal_294,6,6,10
Signal_295,5,5,20
Signal_296,7,10,11
Signal_297,9,5,9
Signal_298,2,8,14
Signal_299,3,5,20
Signal_300,6,3,1
Signal_301,10,4,9
Signal_302,5,5,5
Signal_303,4,1,8
Signal_304,3,2,13
Signal_305,9,9,1
Signal_306,2,2,1
Signal_307,4,4,7
Signal_308,8,6,8
Signal_309,4,3,11
Signal_310,2,3,18
Signal_311,2,10,14
Signal_312,2,1,19
Signal_313,8,10,15
Signal_314,6,3,4
Signal_315,1,3,8
Signal_316,2,8,14
Signal_317,9,1,8
Signal_318,9,9,9
Signal_319,8,3,5
Signal_320,10,5,2
Signal_321,3,4,9
Signal_322,9,6,9
Signal_323,1,10,3
Signal_324,4,1,19
Signal_325,9,8,10
Signal_326,8,10,13
Signal_327,3,7,4
Signal_328,1,3,12
Signal_329,1,5,20
Signal_330,10,10,6
Signal_331,5,7,12
Signal_332,7,7,3
Signal_333,1,5,7
Signal_334,8,6,11
Signal_335,10,5,6
Signal_336,1,9,5
Signal_337,8,4,1
Signal_338,1,10,11
Signal_339,9,2,7
Signal_340,4,5,12
Signal_341,5,3,11
Signal_342,2,3,14
Signal_343,9,8,3
Signal_344,4,7,6
Signal_345,1,3,7
Signal_346,2,10,19
Signal_347,5,3,17
Signal_348,10,5,11
Signal_349,7,10,9
Signal_350,8,8,20
Signal_351,4,9,8
Signal_352,2,3,12
Signal_353,2,6,18
Signal_354,8,1,18
Signal_355,4,1,18
Signal_356,10,8,7
Signal_357,10,10,5
Signal_358,3,8,20
Signal_359,2,7,3
Signal_360,3,9,5
Signal_361,8,7,10
Signal_362,2,5,5
Signal_363,6,3,19
Signal_364,1,2,4
Signal_365,2,4,17
Signal_366,1,5,17
Signal_367,2,2,19
Signal_368,3,3,8
Signal_369,7,1,7
Signal_370,3,1,8
Signal_371,2,8,3
Signal_372,3,4,15
Signal_373,9,7,18
Signal_374,5,8,9
Signal_375,5,7,4
Signal_376,5,5,17
Signal_377,2,4,15
Signal_378,9,3,13
Signal_379,3,6,20
Signal_380,7,6,1
Signal_381,7,1,3
Signal_382,7,3,7
Signal_383,9,8,12
Signal_384,8,1,2
Signal_385,6,8,17
Signal_386,8,1,15
Signal_387,10,8,14
Signal_388,8,8,5
Signal_389,7,5,1
Signal_390,9,5,1
Signal_391,1,4,14
Signal_392,5,5,15
Signal_393,4,7,10
Signal_394,2,10,4
Signal_395,6,2,6
Signal_396,10,4,5
Signal_397,4,10,18
Signal_398,2,6,20
Signal_399,7,6,12
Signal_400,2,2,10
Signal_401,5,1,8
Signal_402,3,2,12
Signal_403,1,10,13
Signal_404,2,1,15
Signal_405,8,3,12
Signal_406,3,9,7
Signal_407,2,5,16
Signal_408,4,4,16
Signal_409,7,10,1
Signal_410,4,8,6
Signal_411,1,9,12
Signal_412,3,1,16
Signal_413,6,9,13
Signal_414,5,10,17
Signal_415,3,5,9
Signal_416,9,2,16
Signal_417,10,4,1
Signal_418,5,2,16
Signal_419,7,6,6
Signal_420,3,7,7
Signal_421,3,2,14
Signal_422,6,3,2
Signal_423,3,2,15
Signal_424,6,6,6
Signal_425,3,9,5
Signal_426,8,7,7
Signal_427,6,2,5
Signal_428,9,9,5
Signal_429,2,4,9
Signal_430,9,3,12
Signal_431,4,9,20
Signal_432,7,7,5
Signal_433,2,1,3
Signal_434,6,6,4
Signal_435,3,6,8
Signal_436,4,2,14
Signal_437,1,3,17
Signal_438,1,3,18
Signal_439,6,2,8
Signal_440,3,10,19
Signal_441,7,7,20
Signal_442,7,4,17
Signal_443,2,4,9
Signal_444,3,9,15
Signal_445,7,1,3
Signal_446,3,10,11
Signal_447,3,3,1
Signal_448,5,4,18
Signal_449,10,7,20
Signal_450,8,2,17
Signal_451,6,5,2
Signal_452,9,6,3
Signal_453,2,5,7
Signal_454,4,1,13
Signal_455,5,8,16
Signal_456,8,3,4
Signal_457,7,10,7
Signal_458,9,3,4
Signal_459,4,4,16
Signal_460,9,3,19
Signal_461,1,3,7
Signal_462,7,5,6
Signal_463,7,7,19
Signal_464,2,4,6
Signal_465,3,8,11
Signal_466,5,6,4
Signal_467,2,10,3
Signal_468,8,1,10
Signal_469,1,9,3
Signal_470,3,2,18
Signal_471,4,2,20
Signal_472,9,10,6
Signal_473,8,3,11
Signal_474,6,3,4
Signal_475,6,5,19
Signal_476,8,2,20
Signal_477,9,2,7
Signal_478,1,6,6
Signal_479,3,5,18
Signal_480,4,6,8
Signal_481,2,9,5
Signal_482,3,5,15
Signal_483,9,7,6
Signal_484,3,5,8
Signal_485,1,1,15
Signal_486,6,10,6
Signal_487,2,2,8
Signal_488,1,6,9
Signal_489,7,10,14
Signal_490,3,4,15
Signal_491,8,4,18
Signal_492,1,8,13
Signal_493,6,10,3
Signal_494,4,8,19
Signal_495,2,3,4
Signal_496,1,2,8
Signal_497,4,4,9
Signal_498,10,9,15
Signal_499,2,9,14
Signal_500,1,10,11
Signal_501,10,9,10
Signal_502,4,3,19
Signal_503,9,4,10
Signal_504,5,9,14
Signal_505,2,2,14
Signal_506,5,1,7
Signal_507,10,2,9
Signal_508,7,2,2
Signal_509,3,9,18
Signal_510,3,5,17
Signal_511,2,9,17
Signal_512,6,9,18
Signal_513,6,4,4
Signal_514,8,4,12
Signal_515,8,2,16
Signal_516,1,5,11
Signal_517,3,5,20
Signal_518,4,10,3
Signal_519,9,7,19
Signal_520,5,4,16
Signal_521,9,4,15
Signal_522,3,1,20
Signal_523,4,5,17
Signal_524,2,7,8
Signal_525,3,9,17
Signal_526,2,10,18
Signal_527,4,5,9
Signal_528,3,3,20
Signal_529,10,2,9
Signal_530,1,5,18
Signal_531,2,6,9
Signal_532,3,1,10
Signal_533,4,9,3
Signal_534,10,7,12
Signal_535,3,2,9
Signal_536,7,5,14
Signal_537,5,6,2
Signal_538,5,3,17
Signal_539,7,5,19
Signal_540,4,6,8
Signal_541,7,2,6
Signal_542,7,10,11
Signal_543,10,2,3
Signal_544,10,9,10
Signal_545,6,2,18
Signal_546,10,10,11
Signal_547,6,6,13
Signal_548,6,3,6
Signal_549,6,9,11
Signal_550,1,6,10
Signal_551,3,1,3
Signal_552,7,1,1
Signal_553,5,7,20
Signal_554,2,7,15
Signal_555,2,5,11
Signal_556,6,2,14
Signal_557,4,8,13
Signal_558,1,6,1
Signal_559,1,10,15
Signal_560,4,3,11
Signal_561,4,2,11
Signal_562,4,7,9
Signal_563,8,7,1
Signal_564,3,10,1
Signal_565,4,2,11
Signal_566,10,4,9
Signal_567,1,8,15
Signal_568,8,7,13
Signal_569,8,3,5
Signal_570,9,9,2
Signal_571,6,3,18
Signal_572,6,10,5
Signal_573,2,10,14
Signal_574,10,1,8
Signal_575,3,8,5
Signal_576,10,4,9
Signal_577,5,4,19
Signal_578,7,4,2
Signal_579,5,1,11
Signal_580,4,10,12
Signal_581,10,9,17
Signal_582,10,7,14
Signal_583,8,10,6
Signal_584,8,3,18
Signal_585,2,6,20
Signal_586,1,4,17
Signal_587,5,9,16
Signal_588,5,9,4
Signal_589,4,1,7
Signal_590,1,2,10
Signal_591,1,3,8
Signal_592,1,2,12
Signal_593,6,4,4
Signal_594,7,7,4
Signal_595,8,2,8
Signal_596,4,5,11
Signal_597,9,9,10
Signal_598,2,9,14
Signal_599,2,7,3
Signal_600,1,6,2
Signal_601,8,2,8
Signal_602,10,1,17
Signal_603,8,2,6
Signal_604,3,8,15
Signal_605,4,8,8
Signal_606,6,5,15
Signal_607,8,4,11
Signal_608,8,5,12
Signal_609,2,10,4
Signal_610,7,6,18
Signal_611,7,10,10
Signal_612,9,4,10
Signal_613,6,3,3
Signal_614,3,5,11
Signal_615,6,5,8
Signal_616,7,3,9
Signal_617,2,3,20
Signal_618,5,10,10
Signal_619,10,9,2
Signal_620,2,6,1
Signal_621,9,4,11
Signal_622,9,9,18
Signal_623,10,6,1
Signal_624,10,2,12
Signal_625,9,10,13
Signal_626,9,4,2
Signal_627,5,1,15
Signal_628,6,5,18
Signal_629,5,2,14
Signal_630,6,1,13
Signal_631,3,9,4
Signal_632,5,9,16
Signal_633,4,10,12
Signal_634,5,6,10
Signal_635,5,7,2
Signal_636,9,1,18
Signal_637,8,10,10
Signal_638,9,8,6
Signal_639,1,5,14
Signal_640,7,4,4
Signal_641,4,3,16
Signal_642,1,7,15
Signal_643,6,3,20
Signal_644,1,10,7
Signal_645,6,7,9
Signal_646,1,2,5
Signal_647,10,10,6
Signal_648,8,10,7
Signal_649,1,9,7
Signal_650,2,6,12
Signal_651,4,4,6
Signal_652,5,3,6
Signal_653,4,5,13
Signal_654,10,5,17
Signal_655,6,2,5
Signal_656,9,4,19
Signal_657,4,7,11
Signal_658,4,9,9
Signal_659,1,10,8
Signal_660,1,10,16
Signal_661,9,5,15
Signal_662,1,1,2
Signal_663,1,2,11
Signal_664,1,8,9
Signal_665,1,7,7
Signal_666,8,1,19
Signal_667,7,5,16
Signal_668,2,9,14
Signal_669,6,10,20
Signal_670,2,2,10
Signal_671,9,2,4
Signal_672,6,4,16
Signal_673,1,6,5
Signal_674,7,4,10
Signal_675,7,1,1
Signal_676,2,6,14
Signal_677,1,1,8
Signal_678,7,7,11
Signal_679,7,9,14
Signal_680,7,9,14
Signal_681,2,9,1
Signal_682,7,4,12
Signal_683,9,1,2
Signal_684,1,4,8
Signal_685,7,9,20
Signal_686,9,4,9
Signal_687,9,1,12
Signal_688,1,10,5
Signal_689,10,4,20
Signal_690,10,2,8
Signal_691,4,8,4
Signal_692,5,9,3
Signal_693,7,6,12
Signal_694,10,10,2
Signal_695,8,1,15
Signal_696,10,2,4
Signal_697,2,7,19
Signal_698,8,8,10
Signal_699,6,6,12
Signal_700,8,5,1
Signal_701,3,10,5
Signal_702,2,10,16
Signal_703,7,1,1
Signal_704,4,7,4
Signal_705,8,2,5
Signal_706,2,9,16
Signal_707,6,10,2
Signal_708,9,7,2
Signal_709,6,3,4
Signal_710,5,2,3
Signal_711,9,3,4
Signal_712,1,7,19
Signal_713,8,7,10
Signal_714,9,2,13
Signal_715,10,8,17
Signal_716,2,8,13
Signal_717,2,8,15
Signal_718,7,4,13
Signal_719,4,7,10
Signal_720,9,6,6
Signal_721,9,5,17
Signal_722,2,6,9
Signal_723,5,9,2
Signal_724,2,2,4
Signal_725,4,2,9
Signal_726,5,3,4
Signal_727,5,4,17
Signal_728,4,8,3
Signal_729,7,7,10
Signal_730,10,2,16
Signal_731,9,6,4
Signal_732,8,6,10
Signal_733,4,6,17
Signal_734,8,1,13
Signal_735,2,7,3
Signal_736,7,7,14
Signal_737,1,6,3
Signal_738,7,3,2
Signal_739,5,10,11
Signal_740,4,4,6
Signal_741,9,9,3
Signal_742,6,8,14
Signal_743,4,1,18
Signal_744,10,5,3
Signal_745,9,8,19
Signal_746,7,2,17
Signal_747,3,8,1
Signal_748,9,1,13
Signal_749,8,2,13
Signal_750,9,1,3
Signal_751,9,1,4
Signal_752,9,4,14
Signal_753,3,2,3
Signal_754,5,5,18
Signal_755,2,10,3
Signal_756,2,8,3
Signal_757,2,2,18
Signal_758,3,4,15
Signal_759,4,8,1
Signal_760,6,8,7
Signal_761,4,5,4
Signal_762,10,9,13
Signal_763,5,10,17
Signal_764,7,1,17
Signal_765,9,2,4
Signal_766,2,10,14
Signal_767,4,8,13
Signal_768,8,3,1
Signal_769,1,2,11
Signal_770,6,7,18
Signal_771,5,5,15
Signal_772,3,10,12
Signal_773,10,6,1
Signal_774,8,2,9
Signal_775,10,6,1
Signal_776,10,4,7
Signal_777,2,3,6
Signal_778,2,1,4
Signal_779,1,8,12
Signal_780,6,9,5
Signal_781,1,6,19
Signal_782,4,1,14
Signal_783,5,7,9
Signal_784,10,6,9
Signal_785,9,1,17
Signal_786,5,4,17
Signal_787,2,2,18
Signal_788,1,7,19
Signal_789,4,7,3
Signal_790,9,10,15
Signal_791,8,2,2
Signal_792,7,4,10
Signal_793,3,4,15
Signal_794,1,5,15
Signal_795,4,4,3
Signal_796,5,8,18
Signal_797,6,9,4
Signal_798,4,9,2
Signal_799,6,9,12
Signal_800,8,3,16
Signal_801,9,6,11
Signal_802,1,6,7
Signal_803,6,6,3
Signal_804,8,9,3
Signal_805,2,9,13
Signal_806,2,9,9
Signal_807,6,5,18
Signal_808,4,10,14
Signal_809,4,4,7
Signal_810,8,8,5
Signal_811,5,6,8
Signal_812,6,2,6
Signal_813,6,1,8
Signal_814,9,10,19
Signal_815,10,3,6
Signal_816,6,8,10
Signal_817,3,6,8
Signal_818,7,9,5
Signal_819,6,5,14
Signal_820,10,1,19
Signal_821,4,5,14
Signal_822,9,9,18
Signal_823,5,10,7
Signal_824,7,10,14
Signal_825,2,7,13
Signal_826,2,3,8
Signal_827,2,2,16
Signal_828,6,3,7
Signal_829,8,9,20
Signal_830,10,6,1
Signal_831,5,6,19
Signal_832,4,4,12
Signal_833,7,8,7
Signal_834,6,5,8
Signal_835,7,6,5
Signal_836,4,5,9
Signal_837,7,3,18
Signal_838,10,5,6
Signal_839,10,2,18
Signal_840,4,4,13
Signal_841,9,1,16
Signal_842,2,2,15
Signal_843,6,6,20
Signal_844,3,10,17
Signal_845,10,8,9
Signal_846,9,9,9
Signal_847,8,5,12
Signal_848,10,3,6
Signal_849,3,10,3
Signal_850,10,4,7
Signal_851,9,9,18
Signal_852,9,7,16
Signal_853,7,3,8
Signal_854,8,3,9
Signal_855,7,9,16
Signal_856,10,7,6
Signal_857,9,4,10
Signal_858,6,1,19
Signal_859,5,5,9
Signal_860,2,10,18
Signal_861,7,5,10
Signal_862,5,5,5
Signal_863,2,3,9
Signal_864,7,9,3
Signal_865,8,3,12
Signal_866,4,3,5
Signal_867,3,3,2
Signal_868,9,2,13
Signal_869,6,6,16
Signal_870,10,7,14
Signal_871,6,6,11
Signal_872,3,8,2
Signal_873,4,1,1
Signal_874,2,3,7
Signal_875,2,8,5
Signal_876,7,5,11
Signal_877,9,2,10
Signal_878,5,1,7
Signal_879,4,2,5
Signal_880,5,2,19
Signal_881,6,6,8
Signal_882,4,8,11
Signal_883,9,4,4
Signal_884,10,4,15
Signal_885,7,1,13
Signal_886,6,6,15
Signal_887,9,4,10
Signal_888,7,4,12
Signal_889,2,7,12
Signal_890,8,7,14
Signal_891,2,9,3
Signal_892,7,3,14
Signal_893,7,9,4
Signal_894,8,3,20
Signal_895,3,4,12
Signal_896,1,8,8
Signal_897,9,2,12
Signal_898,7,6,3
Signal_899,10,2,15
Signal_900,8,6,8
Signal_901,8,9,8
Signal_902,5,6,8
Signal_903,4,2,14
Signal_904,6,8,12
Signal_905,1,5,17
Signal_906,10,3,19
Signal_907,3,6,8
Signal_908,7,3,7
Signal_909,4,8,7
Signal_910,10,8,5
Signal_911,3,1,11
Signal_912,1,2,7
Signal_913,1,5,3
Signal_914,9,4,14
Signal_915,1,8,2
Signal_916,5,2,10
Signal_917,8,10,3
Signal_918,2,1,10
Signal_919,9,1,19
Signal_920,1,7,18
Signal_921,6,7,5
Signal_922,3,6,13
Signal_923,6,10,13
Signal_924,4,5,6
Signal_925,3,2,19
Signal_926,8,5,20
Signal_927,2,1,18
Signal_928,1,5,11
Signal_929,3,7,17
Signal_930,7,7,19
Signal_931,1,2,7
Signal_932,6,7,2
Signal_933,9,7,3
Signal_934,8,9,8
Signal_935,10,3,11
Signal_936,1,7,9
Signal_937,7,4,11
Signal_938,2,3,8
Signal_939,4,8,6
Signal_940,7,9,20
Signal_941,2,2,14
Signal_942,6,6,14
Signal_943,6,10,9
Signal_944,2,8,15
Signal_945,8,1,17
Signal_946,5,3,7
Signal_947,2,4,8
Signal_948,2,9,17
Signal_949,6,4,19
Signal_950,2,4,5
Signal_951,5,10,15
Signal_952,6,6,13
Signal_953,8,3,12
Signal_954,9,1,20
Signal_955,7,4,8
Signal_956,4,3,5
Signal_957,9,10,5
Signal_958,8,8,9
Signal_959,2,8,18
Signal_960,8,1,5
Signal_961,3,4,12
Signal_962,8,9,16
Signal_963,4,5,6
Signal_964,4,10,9
Signal_965,8,6,18
Signal_966,6,1,12
Signal_967,7,9,15
Signal_968,6,7,15
Signal_969,7,7,13
Signal_970,9,1,19
Signal_971,1,4,19
Signal_972,6,5,16
Signal_973,5,10,13
Signal_974,1,1,10
Signal_975,7,8,9
Signal_976,8,1,10
Signal_977,10,7,3
Signal_978,3,7,11
Signal_979,5,1,4
Signal_980,3,3,14
Signal_981,1,2,5
Signal_982,5,8,19
Signal_983,9,4,20
Signal_984,6,6,19
Signal_985,6,5,8
Signal_986,2,5,7
Signal_987,7,8,7
Signal_988,1,10,13
Signal_989,4,2,11
Signal_990,7,7,7
Signal_991,1,2,7
Signal_992,3,7,19
Signal_993,7,9,13
Signal_994,6,6,20
Signal_995,8,7,15
Signal_996,6,2,13
Signal_997,6,8,7
Signal_998,1,1,7
Signal_999,6,2,6
Signal_1000,6,1,16
Signal_1001,4,3,11
Signal_1002,2,5,11
Signal_1003,7,9,20
Signal_1004,3,2,13
Signal_1005,4,9,16
Signal_1006,2,7,2
Signal_1007,9,1,8
Signal_1008,1,1,3
Signal_1009,8,3,13
Signal_1010,1,8,18
Signal_1011,10,4,11
Signal_1012,5,7,7
Signal_1013,10,4,9
Signal_1014,5,4,17
Signal_1015,2,8,5
Signal_1016,2,5,4
Signal_1017,3,4,12
Signal_1018,8,6,8
Signal_1019,1,3,6
Signal_1020,9,8,15
Signal_1021,4,9,2
Signal_1022,5,9,14
Signal_1023,8,6,18
Signal_1024,3,4,10
Signal_1025,10,7,16
Signal_1026,10,7,18
Signal_1027,6,9,2
Signal_1028,6,4,17
Signal_1029,2,7,11
Signal_1030,6,5,8
Signal_1031,10,10,13
Signal_1032,5,2,3
Signal_1033,7,3,14
Signal_1034,10,3,2
Signal_1035,7,3,10
Signal_1036,6,9,19
Signal_1037,4,6,6
Signal_1038,6,9,4
Signal_1039,7,5,11
Signal_1040,10,6,3
Signal_1041,5,3,11
Signal_1042,7,8,2
Signal_1043,9,2,15
Signal_1044,1,5,2
Signal_1045,7,7,10
Signal_1046,3,3,11
Signal_1047,6,9,8
Signal_1048,8,9,20
Signal_1049,5,3,15
Signal_1050,2,1,17
Signal_1051,6,5,14
Signal_1052,9,10,17
Signal_1053,2,10,14
Signal_1054,1,10,17
Signal_1055,9,1,10
Signal_1056,5,4,19
Signal_1057,6,7,10
Signal_1058,8,4,6
Signal_1059,9,10,14
Signal_1060,9,7,10
Signal_1061,3,5,13
Signal_1062,10,9,18
Signal_1063,10,8,16
Signal_1064,4,4,8
Signal_1065,6,1,18
Signal_1066,8,4,15
Signal_1067,1,4,11
Signal_1068,6,6,9
Signal_1069,5,10,8
Signal_1070,6,7,2
Signal_1071,5,5,6
Signal_1072,8,8,16
Signal_1073,9,5,15
Signal_1074,10,8,5
Signal_1075,2,4,14
Signal_1076,10,3,17
Signal_1077,1,8,8
Signal_1078,4,1,7
Signal_1079,2,10,3
Signal_1080,1,10,17
Signal_1081,2,3,3
Signal_1082,3,7,4
Signal_1083,2,4,2
Signal_1084,4,1,18
Signal_1085,1,5,10
Signal_1086,8,10,18
Signal_1087,2,6,7
Signal_1088,2,4,20
Signal_1089,2,6,11
Signal_1090,8,8,10
Signal_1091,6,8,13
Signal_1092,10,1,2
Signal_1093,7,7,13
Signal_1094,5,10,13
Signal_1095,9,2,17
Signal_1096,10,4,5
Signal_1097,5,5,16
Signal_1098,9,8,4
Signal_1099,5,1,18
Signal_1100,8,5,6
Signal_1101,6,3,4
Signal_1102,5,2,13
Signal_1103,9,7,16
Signal_1104,10,8,5
Signal_1105,10,6,5
Signal_1106,5,2,1
Signal_1107,1,9,15
Signal_1108,10,3,15
Signal_1109,8,6,2
Signal_1110,1,1,6
Signal_1111,3,10,16
Signal_1112,10,6,1
Signal_1113,4,6,3
Signal_1114,6,3,19
Signal_1115,9,9,14
Signal_1116,1,5,18
Signal_1117,9,3,14
Signal_1118,10,6,18
Signal_1119,1,8,2
Signal_1120,7,1,17
Signal_1121,5,3,3
Signal_1122,7,8,16
Signal_1123,3,3,5
Signal_1124,6,3,4
Signal_1125,3,5,13
Signal_1126,10,10,11
Signal_1127,2,5,5
Signal_1128,2,7,17
Signal_1129,7,10,2
Signal_1130,4,1,5
Signal_1131,7,10,1
Signal_1132,3,3,11
Signal_1133,4,3,19
Signal_1134,6,3,5
Signal_1135,1,5,13
Signal_1136,7,1,14
Signal_1137,7,5,5
Signal_1138,2,4,19
Signal_1139,4,10,2
Signal_1140,6,6,18
Signal_1141,7,6,20
Signal_1142,8,8,12
Signal_1143,5,3,3
Signal_1144,5,6,11
Signal_1145,10,7,17
Signal_1146,5,6,3
Signal_1147,8,1,17
Signal_1148,1,7,17
Signal_1149,2,6,9
Signal_1150,7,2,2
Signal_1151,10,5,2
Signal_1152,7,9,18
Signal_1153,8,7,2
Signal_1154,2,8,15
Signal_1155,10,1,12
Signal_1156,9,8,8
Signal_1157,4,10,12
Signal_1158,7,6,14
Signal_1159,6,9,8
Signal_1160,6,2,14
Signal_1161,9,5,20
Signal_1162,5,8,11
Signal_1163,2,9,11
Signal_1164,10,5,13
Signal_1165,9,7,6
Signal_1166,3,4,18
Signal_1167,9,10,10
Signal_1168,6,1,8
Signal_1169,9,6,20
Signal_1170,5,1,5
Signal_1171,5,2,13
Signal_1172,2,8,14
Signal_1173,7,8,10
Signal_1174,9,2,7
Signal_1175,2,5,1
Signal_1176,5,3,3
Signal_1177,1,3,11
Signal_1178,3,4,14
Signal_1179,3,1,9
Signal_1180,6,7,17
Signal_1181,7,4,1
Signal_1182,1,4,4
Signal_1183,10,8,15
Signal_1184,3,7,5
Signal_1185,6,5,9
Signal_1186,1,1,20
Signal_1187,9,5,19
Signal_1188,1,3,20
Signal_1189,10,8,11
Signal_1190,2,2,14
Signal_1191,1,4,14
Signal_1192,8,2,9
Signal_1193,10,4,10
Signal_1194,10,8,20
Signal_1195,8,4,14
Signal_1196,3,4,13
Signal_1197,8,3,9
Signal_1198,8,2,11
Signal_1199,4,6,16
Signal_1200,7,4,10
Signal_1201,2,4,11
Signal_1202,8,8,17
Signal_1203,5,3,4
Signal_1204,4,1,19
Signal_1205,8,8,8
Signal_1206,5,6,2
Signal_1207,4,3,14
Signal_1208,2,10,9
Signal_1209,8,10,19
Signal_1210,3,6,11
Signal_1211,8,6,15
Signal_1212,9,10,6
Signal_1213,4,1,15
Signal_1214,7,9,8
Signal_1215,5,5,4
Signal_1216,5,7,16
Signal_1217,6,9,11
Signal_1218,6,7,15
Signal_1219,5,7,14
Signal_1220,4,6,5
Signal_1221,6,7,17
Signal_1222,3,2,5
Signal_1223,5,7,10
Signal_1224,10,3,14
Signal_1225,8,8,8
Signal_1226,6,1,1
Signal_1227,2,5,3
Signal_1228,4,2,16
Signal_1229,4,7,5
Signal_1230,8,7,4
Signal_1231,7,7,1
Signal_1232,4,6,10
Signal_1233,5,1,3
Signal_1234,8,5,19
Signal_1235,2,4,4
Signal_1236,4,8,5
Signal_1237,3,10,1
Signal_1238,9,6,5
Signal_1239,1,3,19
Signal_1240,10,1,3
Signal_1241,4,9,11
Signal_1242,1,9,10
Signal_1243,2,10,14
Signal_1244,6,10,9
Signal_1245,6,3,10
Signal_1246,4,10,7
Signal_1247,9,8,20
Signal_1248,4,3,11
Signal_1249,7,9,15
Signal_1250,3,4,15
Signal_1251,7,6,20
Signal_1252,9,3,13
Signal_1253,5,7,18
Signal_1254,10,8,3
Signal_1255,6,4,7
Signal_1256,8,6,1
Signal_1257,9,6,3
Signal_1258,9,3,7
Signal_1259,4,7,16
Signal_1260,4,4,7
Signal_1261,5,6,3
Signal_1262,7,5,12
Signal_1263,5,3,6
Signal_1264,7,9,14
Signal_1265,4,8,8
Signal_1266,8,8,1
Signal_1267,7,10,7
Signal_1268,9,8,4
Signal_1269,9,6,7
Signal_1270,10,6,13
Signal_1271,2,10,7
Signal_1272,4,5,11
Signal_1273,4,9,6
Signal_1274,1,7,11
Signal_1275,3,6,11
Signal_1276,5,5,6
Signal_1277,5,9,20
Signal_1278,3,9,3
Signal_1279,2,8,6
Signal_1280,9,4,10
Signal_1281,8,5,13
Signal_1282,7,3,20
Signal_1283,10,7,7
Signal_1284,10,2,8
Signal_1285,3,7,8
Signal_1286,4,9,2
Signal_1287,2,5,3
Signal_1288,10,4,8
Signal_1289,7,5,18
Signal_1290,7,1,2
Signal_1291,6,10,1
Signal_1292,8,6,19
Signal_1293,3,7,16
Signal_1294,10,4,1
Signal_1295,8,9,14
Signal_1296,5,4,6
Signal_1297,2,1,10
Signal_1298,10,5,6
Signal_1299,7,9,7
Signal_1300,4,10,12
Signal_1301,8,3,9
Signal_1302,1,10,5
Signal_1303,10,2,12
Signal_1304,3,7,10
Signal_1305,9,9,17
Signal_1306,8,10,6
Signal_1307,8,10,13
Signal_1308,6,3,15
Signal_1309,3,1,19
Signal_1310,3,2,12
Signal_1311,8,2,6
Signal_1312,2,4,20
Signal_1313,10,4,10
Signal_1314,1,5,18
Signal_1315,7,10,20
Signal_1316,9,1,20
Signal_1317,4,8,5
Signal_1318,6,5,11
Signal_1319,3,9,8
Signal_1320,9,1,3
Signal_1321,4,9,6
Signal_1322,9,9,14
Signal_1323,6,4,14
Signal_1324,1,1,8
Signal_1325,5,5,19
Signal_1326,6,2,15
Signal_1327,8,3,4
Signal_1328,6,2,12
Signal_1329,9,8,9
Signal_1330,3,7,10
Signal_1331,4,10,10
Signal_1332,2,4,17
Signal_1333,8,9,5
Signal_1334,8,3,11
Signal_1335,4,6,8
Signal_1336,4,4,12
Signal_1337,6,4,6
Signal_1338,4,4,5
Signal_1339,7,1,1
Signal_1340,1,8,8
Signal_1341,7,3,5
Signal_1342,8,10,13
Signal_1343,1,3,2
Signal_1344,4,8,7
Signal_1345,10,3,5
Signal_1346,8,5,11
Signal_1347,10,4,14
Signal_1348,3,7,3
Signal_1349,6,7,3
Signal_1350,4,3,12
Signal_1351,1,7,17
Signal_1352,7,5,18
Signal_1353,9,9,5
Signal_1354,10,7,18
Signal_1355,2,7,5
Signal_1356,8,10,2
Signal_1357,6,1,5
Signal_1358,5,8,18
Signal_1359,5,9,13
Signal_1360,4,6,3
Signal_1361,2,6,17
Signal_1362,7,1,19
Signal_1363,1,5,19
Signal_1364,3,2,6
Signal_1365,5,10,18
Signal_1366,3,3,9
Signal_1367,6,3,9
Signal_1368,6,10,8
Signal_1369,10,2,7
Signal_1370,9,3,13
Signal_1371,2,9,5
Signal_1372,1,6,8
Signal_1373,9,5,13
Signal_1374,1,10,11
Signal_1375,9,1,11
Signal_1376,10,2,10
Signal_1377,8,10,3
Signal_1378,8,5,1
Signal_1379,7,8,5
Signal_1380,8,3,3
Signal_1381,5,8,6
Signal_1382,9,6,11
Signal_1383,3,6,4
Signal_1384,2,8,3
Signal_1385,5,4,8
Signal_1386,2,7,9
Signal_1387,3,8,2
Signal_1388,8,4,3
Signal_1389,3,8,3
Signal_1390,8,2,4
Signal_1391,8,3,20
Signal_1392,2,8,12
Signal_1393,9,6,18
Signal_1394,10,4,4
Signal_1395,3,9,18
Signal_1396,2,8,18
Signal_1397,1,7,14
Signal_1398,3,3,4
Signal_1399,10,7,17
Signal_1400,1,8,4
Signal_1401,4,6,4
Signal_1402,5,4,18
Signal_1403,6,1,14
Signal_1404,4,4,12
Signal_1405,8,2,10
Signal_1406,7,1,15
Signal_1407,5,5,11
Signal_1408,3,9,15
Signal_1409,1,4,19
Signal_1410,9,10,10
Signal_1411,8,1,14
Signal_1412,7,1,10
Signal_1413,4,5,2
Signal_1414,3,1,15
Signal_1415,5,4,11
Signal_1416,1,10,9
Signal_1417,7,2,16
Signal_1418,1,6,9
Signal_1419,1,2,9
Signal_1420,8,3,12
Signal_1421,6,6,15
Signal_1422,10,5,3
Signal_1423,3,9,7
Signal_1424,4,1,15
Signal_1425,4,4,12
Signal_1426,7,7,12
Signal_1427,9,2,11
Signal_1428,4,7,5
Signal_1429,2,1,7
Signal_1430,6,1,19
Signal_1431,10,1,14
Signal_1432,4,6,6
Signal_1433,10,3,7
Signal_1434,1,6,2
Signal_1435,4,1,13
Signal_1436,10,3,8
Signal_1437,4,1,7
Signal_1438,6,1,14
Signal_1439,4,2,2
Signal_1440,3,6,15
Signal_1441,3,5,18
Signal_1442,10,7,3
Signal_1443,10,6,19
Signal_1444,3,4,7
Signal_1445,8,1,4
Signal_1446,9,9,2
Signal_1447,9,1,7
Signal_1448,4,6,19
Signal_1449,9,9,20
Signal_1450,5,8,12
Signal_1451,6,4,19
Signal_1452,10,1,20
Signal_1453,9,8,15
Signal_1454,1,5,11
Signal_1455,4,5,1
Signal_1456,9,8,16
Signal_1457,9,3,1
Signal_1458,7,9,13
Signal_1459,2,2,12
Signal_1460,2,5,5
Signal_1461,9,6,5
Signal_1462,10,10,10
Signal_1463,5,2,20
Signal_1464,4,1,14
Signal_1465,8,4,18
Signal_1466,1,7,6
Signal_1467,3,3,7
Signal_1468,9,7,17
Signal_1469,3,9,8
Signal_1470,6,3,9
Signal_1471,8,2,18
Signal_1472,4,3,13
Signal_1473,10,2,8
Signal_1474,8,2,5
Signal_1475,2,4,11
Signal_1476,9,2,9
Signal_1477,3,4,11
Signal_1478,6,2,20
Signal_1479,1,5,10
Signal_1480,5,3,6
Signal_1481,4,8,4
Signal_1482,10,5,8
Signal_1483,8,9,18
Signal_1484,8,5,19
Signal_1485,2,7,1
Signal_1486,6,9,2
Signal_1487,9,6,4
Signal_1488,9,4,20
Signal_1489,5,8,8
Signal_1490,5,6,5
Signal_1491,4,7,2
Signal_1492,6,10,14
Signal_1493,3,3,19
Signal_1494,8,1,13
Signal_1495,9,1,17
Signal_1496,4,5,2
Signal_1497,8,7,17
Signal_1498,5,1,5
Signal_1499,4,9,4
Signal_1500,10,3,5
Signal_1501,4,1,13
Signal_1502,8,10,1
Signal_1503,2,6,18
Signal_1504,10,2,15
Signal_1505,4,8,14
Signal_1506,8,9,12
Signal_1507,2,2,14
Signal_1508,7,2,19
Signal_1509,8,10,1
Signal_1510,7,2,6
Signal_1511,5,8,19
Signal_1512,5,10,15
Signal_1513,1,4,8
Signal_1514,6,7,7
Signal_1515,8,2,13
Signal_1516,2,10,18
Signal_1517,10,7,10
Signal_1518,10,1,19
Signal_1519,2,3,8
Signal_1520,7,4,2
Signal_1521,10,7,7
Signal_1522,2,6,11
Signal_1523,1,9,17
Signal_1524,3,7,9
Signal_1525,6,5,3
Signal_1526,5,10,5
Signal_1527,8,5,2
Signal_1528,2,9,7
Signal_1529,7,7,20
Signal_1530,6,3,4
Signal_1531,7,3,20
Signal_1532,8,7,10
Signal_1533,1,8,14
Signal_1534,3,2,6
Signal_1535,9,9,16
Signal_1536,1,3,12
Signal_1537,9,2,13
Signal_1538,2,6,4
Signal_1539,7,3,3
Signal_1540,6,9,1
Signal_1541,8,6,13
Signal_1542,9,8,7
Signal_1543,8,7,12
Signal_1544,2,3,7
Signal_1545,1,10,2
Signal_1546,4,6,2
Signal_1547,10,8,11
Signal_1548,4,1,3
Signal_1549,5,8,7
Signal_1550,2,4,2
Signal_1551,3,3,11
Signal_1552,9,7,20
Signal_1553,10,8,19
Signal_1554,1,7,18
Signal_1555,4,7,15
Signal_1556,9,5,7
Signal_1557,3,10,16
Signal_1558,9,4,20
Signal_1559,2,5,1
Signal_1560,4,4,19
Signal_1561,5,2,1
Signal_1562,5,10,2
Signal_1563,9,9,4
Signal_1564,3,1,20
Signal_1565,9,9,1
Signal_1566,4,2,17
Signal_1567,2,9,13
Signal_1568,5,10,1
Signal_1569,6,5,17
Signal_1570,2,7,2
Signal_1571,10,10,7
Signal_1572,2,8,4
Signal_1573,5,1,7
Signal_1574,3,4,18
Signal_1575,8,5,7
Signal_1576,8,1,15
Signal_1577,8,4,2
Signal_1578,1,8,8
Signal_1579,10,8,1
Signal_1580,1,7,10
Signal_1581,2,4,14
Signal_1582,7,6,7
Signal_1583,7,6,3
Signal_1584,3,9,18
Signal_1585,2,4,14
Signal_1586,3,7,18
Signal_1587,7,3,10
Signal_1588,8,8,17
Signal_1589,10,1,16
Signal_1590,8,1,9
Signal_1591,10,1,14
Signal_1592,6,1,5
Signal_1593,3,10,12
Signal_1594,7,3,19
Signal_1595,9,4,4
Signal_1596,3,5,10
Signal_1597,2,1,4
Signal_1598,6,4,9
Signal_1599,5,1,17
Signal_1600,8,1,1
Signal_1601,6,9,19
Signal_1602,6,1,3
Signal_1603,4,2,18
Signal_1604,2,5,16
Signal_1605,9,1,6
Signal_1606,3,6,6
Signal_1607,4,8,11
Signal_1608,4,8,8
Signal_1609,9,10,13
Signal_1610,3,1,12
Signal_1611,6,5,6
Signal_1612,1,4,20
Signal_1613,4,5,4
Signal_1614,7,5,15
Signal_1615,4,1,10
Signal_1616,4,10,13
Signal_1617,10,1,9
Signal_1618,8,10,14
Signal_1619,3,10,16
Signal_1620,7,10,10
Signal_1621,5,6,3
Signal_1622,8,3,4
Signal_1623,3,1,7
Signal_1624,4,5,9
Signal_1625,8,3,8
Signal_1626,4,4,20
Signal_1627,10,9,13
Signal_1628,1,8,12
Signal_1629,9,3,19
Signal_1630,8,10,1
Signal_1631,4,4,8
Signal_1632,7,4,12
Signal_1633,6,6,11
Signal_1634,3,8,16
Signal_1635,9,7,17
Signal_1636,2,4,20
Signal_1637,4,2,10
Signal_1638,7,1,12
Signal_1639,3,2,7
Signal_1640,1,5,2
Signal_1641,4,1,3
Signal_1642,6,8,20
Signal_1643,8,6,16
Signal_1644,3,6,14
Signal_1645,10,8,20
Signal_1646,1,3,20
Signal_1647,7,6,2
Signal_1648,4,7,9
Signal_1649,1,7,11
Signal_1650,9,3,3
Signal_1651,10,2,7
Signal_1652,5,2,11
Signal_1653,6,1,7
Signal_1654,4,7,7
Signal_1655,3,8,20
Signal_1656,6,10,15
Signal_1657,1,4,16
Signal_1658,7,9,19
Signal_1659,5,2,2
Signal_1660,1,1,12
Signal_1661,10,4,1
Signal_1662,5,8,3
Signal_1663,7,2,20
Signal_1664,10,6,14
Signal_1665,5,6,17
Signal_1666,8,10,7
Signal_1667,8,4,7
Signal_1668,6,10,9
Signal_1669,3,8,12
Signal_1670,6,5,1
Signal_1671,10,2,18
Signal_1672,7,1,2
Signal_1673,6,7,3
Signal_1674,1,1,10
Signal_1675,9,5,15
Signal_1676,5,7,12
Signal_1677,6,6,18
Signal_1678,7,3,4
Signal_1679,2,9,3
Signal_1680,3,10,8
Signal_1681,2,4,11
Signal_1682,10,6,10
Signal_1683,9,3,10
Signal_1684,4,6,19
Signal_1685,5,5,1
Signal_1686,7,3,4
Signal_1687,7,3,18
Signal_1688,5,1,1
Signal_1689,1,9,20
Signal_1690,7,4,2
Signal_1691,3,9,17
Signal_1692,7,3,12
Signal_1693,8,3,6
Signal_1694,1,3,19
Signal_1695,7,4,16
Signal_1696,4,3,16
Signal_1697,7,4,14
Signal_1698,8,5,17
Signal_1699,6,9,5
Signal_1700,9,1,8
Signal_1701,10,9,4
Signal_1702,3,2,13
Signal_1703,4,7,10
Signal_1704,3,10,12
Signal_1705,5,1,11
Signal_1706,3,1,6
Signal_1707,10,4,19
Signal_1708,9,1,7
Signal_1709,4,1,5
Signal_1710,3,2,15
Signal_1711,2,2,18
Signal_1712,4,1,15
Signal_1713,1,8,11
Signal_1714,8,9,4
Signal_1715,7,7,8
Signal_1716,1,3,1
Signal_1717,5,1,4
Signal_1718,8,8,20
Signal_1719,8,9,8
Signal_1720,2,5,11
Signal_1721,1,3,5
Signal_1722,4,5,14
Signal_1723,2,9,15
Signal_1724,9,2,8
Signal_1725,10,9,3
Signal_1726,2,9,9
Signal_1727,4,9,10
Signal_1728,10,9,7
Signal_1729,9,8,8
Signal_1730,9,4,12
Signal_1731,2,4,15
Signal_1732,8,4,17
Signal_1733,8,9,7
Signal_1734,4,10,3
Signal_1735,5,9,10
Signal_1736,7,3,10
Signal_1737,5,10,6
Signal_1738,6,9,11
Signal_1739,8,7,5
Signal_1740,1,7,12
Signal_1741,6,2,20
Signal_1742,6,6,20
Signal_1743,8,10,18
Signal_1744,8,6,13
Signal_1745,8,2,1
Signal_1746,5,8,15
Signal_1747,5,5,3
Signal_1748,9,3,2
Signal_1749,9,5,13
Signal_1750,9,6,11
Signal_1751,1,10,4
Signal_1752,3,8,1
Signal_1753,6,3,17
Signal_1754,3,5,13
Signal_1755,7,7,3
Signal_1756,6,8,18
Signal_1757,3,3,15
Signal_1758,1,1,15
Signal_1759,10,6,13
Signal_1760,8,6,4
Signal_1761,7,9,19
Signal_1762,1,9,10
Signal_1763,4,3,15
Signal_1764,4,10,4
Signal_1765,2,8,3
Signal_1766,7,6,20
Signal_1767,7,6,10
Signal_1768,4,9,17
Signal_1769,3,8,15
Signal_1770,7,7,3
Signal_1771,6,4,16
Signal_1772,1,2,12
Signal_1773,6,3,2
Signal_1774,1,4,3
Signal_1775,6,3,17
Signal_1776,10,6,4
Signal_1777,10,10,10
Signal_1778,1,10,20
Signal_1779,9,10,15
Signal_1780,4,9,18
Signal_1781,9,6,3
Signal_1782,3,10,15
Signal_1783,10,7,1
Signal_1784,7,3,19
Signal_1785,5,8,1
Signal_1786,5,3,7
Signal_1787,2,7,15
Signal_1788,6,9,7
Signal_1789,2,9,6
Signal_1790,4,2,3
Signal_1791,6,10,4
Signal_1792,4,9,18
Signal_1793,6,10,9
Signal_1794,9,9,18
Signal_1795,9,3,5
Signal_1796,3,1,10
Signal_1797,9,1,9
Signal_1798,6,2,11
Signal_1799,7,3,18
Signal_1800,1,6,5
Signal_1801,1,5,19
Signal_1802,1,2,10
Signal_1803,10,2,3
Signal_1804,6,4,3
Signal_1805,3,8,8
Signal_1806,4,5,10
Signal_1807,4,5,9
Signal_1808,6,7,14
Signal_1809,6,1,14
Signal_1810,8,9,1
Signal_1811,3,10,2
Signal_1812,3,3,20
Signal_1813,3,9,17
Signal_1814,5,6,11
Signal_1815,2,5,6
Signal_1816,3,6,14
Signal_1817,8,7,1
Signal_1818,1,6,20
Signal_1819,5,2,3
Signal_1820,5,1,12
Signal_1821,10,3,9
Signal_1822,3,10,16
Signal_1823,3,3,13
Signal_1824,7,2,19
Signal_1825,3,3,17
Signal_1826,3,1,8
Signal_1827,6,3,5
Signal_1828,7,2,1
Signal_1829,2,9,9
Signal_1830,8,7,5
Signal_1831,1,9,14
Signal_1832,10,3,7
Signal_1833,8,6,2
Signal_1834,7,2,15
Signal_1835,4,2,13
Signal_1836,9,1,4
Signal_1837,2,8,17
Signal_1838,7,4,19
Signal_1839,1,9,18
Signal_1840,5,4,6
Signal_1841,3,8,16
Signal_1842,8,2,14
Signal_1843,9,7,4
Signal_1844,7,4,10
Signal_1845,7,10,10
Signal_1846,9,2,16
Signal_1847,2,2,20
Signal_1848,3,5,1
Signal_1849,2,2,2
Signal_1850,6,1,1
Signal_1851,9,3,3
Signal_1852,4,10,9
Signal_1853,5,10,11
Signal_1854,5,7,9
Signal_1855,7,3,3
Signal_1856,3,4,3
Signal_1857,1,10,11
Signal_1858,9,10,18
Signal_1859,9,2,15
Signal_1860,5,5,1
Signal_1861,7,9,4
Signal_1862,10,8,16
Signal_1863,6,1,18
Signal_1864,1,5,18
Signal_1865,6,5,5
Signal_1866,1,2,13
Signal_1867,3,10,14
Signal_1868,9,1,18
Signal_1869,4,1,4
Signal_1870,8,8,5
Signal_1871,2,5,11
Signal_1872,6,5,15
Signal_1873,4,2,11
Signal_1874,7,1,11
Signal_1875,2,9,1
Signal_1876,8,3,3
Signal_1877,5,4,3
Signal_1878,2,10,16
Signal_1879,7,3,1
Signal_1880,2,2,15
Signal_1881,5,1,14
Signal_1882,9,1,11
Signal_1883,1,2,17
Signal_1884,8,2,10
Signal_1885,3,10,17
Signal_1886,8,10,2
Signal_1887,3,7,5
Signal_1888,6,4,17
Signal_1889,3,7,20
Signal_1890,9,7,17
Signal_1891,7,9,19
Signal_1892,4,4,17
Signal_1893,5,1,13
Signal_1894,4,1,15
Signal_1895,2,5,2
Signal_1896,7,1,18
Signal_1897,10,1,16
Signal_1898,7,2,10
Signal_1899,4,7,6
Signal_1900,8,3,11
Signal_1901,8,7,5
Signal_1902,8,3,12
Signal_1903,5,7,10
Signal_1904,4,8,20
Signal_1905,7,6,3
Signal_1906,5,10,6
Signal_1907,8,7,19
Signal_1908,8,3,13
Signal_1909,6,5,1
Signal_1910,10,2,16
Signal_1911,7,1,13
Signal_1912,5,3,10
Signal_1913,6,2,13
Signal_1914,7,9,16
Signal_1915,2,9,6
Signal_1916,2,6,19
Signal_1917,9,5,4
Signal_1918,9,4,3
Signal_1919,3,10,12
Signal_1920,3,1,7
Signal_1921,8,3,3
Signal_1922,4,6,6
Signal_1923,1,6,19
Signal_1924,10,3,1
Signal_1925,10,7,11
Signal_1926,7,1,2
Signal_1927,5,4,18
Signal_1928,10,6,5
Signal_1929,7,9,12
Signal_1930,2,9,19
Signal_1931,6,2,2
Signal_1932,6,8,3
Signal_1933,6,3,9
Signal_1934,3,1,10
Signal_1935,8,1,14
Signal_1936,1,3,2
Signal_1937,6,5,13
Signal_1938,5,1,17
Signal_1939,2,9,14
Signal_1940,6,10,3
Signal_1941,8,8,2
Signal_1942,9,4,13
Signal_1943,7,5,13
Signal_1944,9,1,5
Signal_1945,8,4,15
Signal_1946,6,3,7
Signal_1947,7,6,12
Signal_1948,3,6,9
Signal_1949,10,6,8
Signal_1950,7,2,1
Signal_1951,7,5,1
Signal_1952,5,1,17
Signal_1953,9,3,20
Signal_1954,5,3,10
Signal_1955,9,1,13
Signal_1956,3,8,4
Signal_1957,7,9,4
Signal_1958,1,4,2
Signal_1959,10,10,7
Signal_1960,3,2,12
Signal_1961,6,5,10
Signal_1962,4,8,4
Signal_1963,10,10,20
Signal_1964,4,7,17
Signal_1965,2,2,9
Signal_1966,2,6,16
Signal_1967,7,8,8
Signal_1968,8,3,6
Signal_1969,10,5,9
Signal_1970,4,6,1
Signal_1971,2,10,13
Signal_1972,9,4,13
Signal_1973,2,10,1
Signal_1974,5,3,13
Signal_1975,9,5,10
Signal_1976,6,8,11
Signal_1977,6,10,18
Signal_1978,10,6,7
Signal_1979,10,6,17
Signal_1980,10,5,6
Signal_1981,8,8,15
Signal_1982,5,3,16
Signal_1983,5,6,1
Signal_1984,2,2,11
Signal_1985,3,7,5
Signal_1986,4,1,5
Signal_1987,8,5,17
Signal_1988,6,4,8
Signal_1989,2,9,11
Signal_1990,7,8,11
Signal_1991,10,6,14
Signal_1992,6,8,17
Signal_1993,8,7,10
Signal_1994,6,7,17
Signal_1995,2,6,3
Signal_1996,8,4,18
Signal_1997,5,8,12
Signal_1998,3,1,7
Signal_1999,2,8,5
Signal_2000,1,4,17
Signal_2001,4,8,8
Signal_2002,7,3,15
Signal_2003,9,2,14
Signal_2004,3,1,12
Signal_2005,10,3,10
Signal_2006,5,4,10
Signal_2007,9,4,19
Signal_2008,8,6,3
Signal_2009,8,4,8
Signal_2010,7,6,8
Signal_2011,3,8,20
Signal_2012,2,6,2
Signal_2013,5,9,3
Signal_2014,4,4,20
Signal_2015,3,5,18
Signal_2016,3,6,3
Signal_2017,10,9,6
Signal_2018,4,5,13
Signal_2019,4,7,13
Signal_2020,8,1,3
Signal_2021,9,5,16
Signal_2022,1,3,16
Signal_2023,4,5,10
Signal_2024,9,9,4
Signal_2025,7,10,6
Signal_2026,5,6,10
Signal_2027,7,3,11
Signal_2028,6,2,20
Signal_2029,5,8,6
Signal_2030,10,6,18
Signal_2031,3,10,10
Signal_2032,9,1,19
Signal_2033,8,1,8
Signal_2034,4,6,18
Signal_2035,8,1,10
Signal_2036,8,7,1
Signal_2037,6,5,13
Signal_2038,1,4,4
Signal_2039,3,1,11
Signal_2040,1,10,5
Signal_2041,4,3,15
Signal_2042,9,8,15
Signal_2043,2,10,19
Signal_2044,3,4,8
Signal_2045,6,7,2
Signal_2046,3,7,12
Signal_2047,4,9,2
Signal_2048,1,8,3
Signal_2049,9,6,17
Signal_2050,2,7,16
Signal_2051,10,6,3
Signal_2052,5,7,12
Signal_2053,2,5,5
Signal_2054,6,7,7
Signal_2055,6,4,11
Signal_2056,8,6,12
Signal_2057,5,10,1
Signal_2058,6,10,11
Signal_2059,7,3,18
Signal_2060,8,7,16
Signal_2061,8,10,19
Signal_2062,7,1,19
Signal_2063,8,4,13
Signal_2064,7,3,9
Signal_2065,7,3,17
Signal_2066,6,8,7
Signal_2067,1,9,5
Signal_2068,9,8,1
Signal_2069,4,4,9
Signal_2070,5,3,11
Signal_2071,2,6,18
Signal_2072,6,7,1
Signal_2073,1,10,19
Signal_2074,7,3,4
Signal_2075,4,5,19
Signal_2076,6,1,16
Signal_2077,8,4,3
Signal_2078,1,3,9
Signal_2079,7,8,9
Signal_2080,7,10,14
Signal_2081,6,4,9
Signal_2082,2,4,3
Signal_2083,8,7,2
Signal_2084,4,10,16
Signal_2085,6,10,17
Signal_2086,1,5,8
Signal_2087,10,3,9
Signal_2088,8,2,15
Signal_2089,1,4,2
Signal_2090,4,10,13
Signal_2091,3,2,5
Signal_2092,9,8,3
Signal_2093,2,7,20
Signal_2094,6,7,20
Signal_2095,9,4,12
Signal_2096,3,1,16
Signal_2097,9,10,3
Signal_2098,9,9,7
Signal_2099,6,1,12
Signal_2100,7,7,11
Signal_2101,6,10,20
Signal_2102,7,4,5
Signal_2103,3,3,13
Signal_2104,8,6,1
Signal_2105,4,7,5
Signal_2106,8,4,2
Signal_2107,9,7,13
Signal_2108,4,5,4
Signal_2109,10,1,17
Signal_2110,6,6,9
Signal_2111,9,8,15
Signal_2112,2,8,14
Signal_2113,1,7,8
Signal_2114,4,8,5
Signal_2115,8,6,14
Signal_2116,6,8,8
Signal_2117,4,4,20
Signal_2118,8,3,9
Signal_2119,9,3,4
Signal_2120,4,10,3
Signal_2121,4,1,15
Signal_2122,4,10,9
Signal_2123,9,9,8
Signal_2124,10,6,5
Signal_2125,2,7,6
Signal_2126,6,3,11
Signal_2127,6,7,6
Signal_2128,5,10,3
Signal_2129,9,3,9
Signal_2130,8,2,3
Signal_2131,4,1,8
Signal_2132,1,4,17
Signal_2133,8,3,8
Signal_2134,5,7,14
Signal_2135,10,8,13
Signal_2136,9,4,7
Signal_2137,7,6,6
Signal_2138,6,2,4
Signal_2139,2,4,18
Signal_2140,5,5,9
Signal_2141,8,6,13
Signal_2142,9,9,15
Signal_2143,6,10,3
Signal_2144,4,3,1
Signal_2145,9,2,9
Signal_2146,3,9,20
Signal_2147,7,4,6
Signal_2148,1,7,20
Signal_2149,1,2,2
Signal_2150,4,7,18
Signal_2151,7,1,3
Signal_2152,6,2,5
Signal_2153,8,9,11
Signal_2154,6,8,7
Signal_2155,4,3,4
Signal_2156,7,3,4
Signal_2157,8,10,4
Signal_2158,8,10,19
Signal_2159,3,3,7
Signal_2160,8,10,5
Signal_2161,4,8,18
Signal_2162,10,7,16
Signal_2163,10,9,15
Signal_2164,1,9,15
Signal_2165,6,1,20
Signal_2166,5,6,20
Signal_2167,1,10,11
Signal_2168,5,5,13
Signal_2169,7,7,9
Signal_2170,5,2,15
Signal_2171,7,5,2
Signal_2172,8,1,9
Signal_2173,6,1,14
Signal_2174,6,9,12
Signal_2175,9,5,15
Signal_2176,5,2,20
Signal_2177,3,3,18
Signal_2178,9,9,20
Signal_2179,6,3,7
Signal_2180,8,5,19
Signal_2181,3,1,17
Signal_2182,5,7,12
Signal_2183,9,5,11
Signal_2184,6,8,4
Signal_2185,2,5,14
Signal_2186,9,5,9
Signal_2187,2,7,11
Signal_2188,4,3,3
Signal_2189,6,10,1
Signal_2190,6,10,16
Signal_2191,2,1,10
Signal_2192,2,6,20
Signal_2193,7,5,12
Signal_2194,1,9,17
Signal_2195,8,8,8
Signal_2196,3,10,4
Signal_2197,6,10,14
Signal_2198,4,4,8
Signal_2199,5,5,6
Signal_2200,6,1,17
Signal_2201,5,1,3
Signal_2202,8,4,11
Signal_2203,8,9,3
Signal_2204,4,1,17
Signal_2205,8,4,12
Signal_2206,3,4,13
Signal_2207,8,4,16
Signal_2208,3,2,6
Signal_2209,7,4,7
Signal_2210,8,8,10
Signal_2211,10,7,3
Signal_2212,7,2,7
Signal_2213,9,4,7
Signal_2214,4,9,11
Signal_2215,9,7,17
Signal_2216,4,9,11
Signal_2217,6,4,13
Signal_2218,5,7,9
Signal_2219,7,5,2
Signal_2220,8,3,2
Signal_2221,8,1,8
Signal_2222,10,1,12
Signal_2223,4,9,8
Signal_2224,8,5,17
Signal_2225,3,5,9
Signal_2226,7,7,5
Signal_2227,3,5,20
Signal_2228,3,9,8
Signal_2229,1,3,8
Signal_2230,4,5,12
Signal_2231,6,9,6
Signal_2232,4,9,2
Signal_2233,4,6,5
Signal_2234,4,8,20
Signal_2235,9,4,5
Signal_2236,8,1,1
Signal_2237,8,3,7
Signal_2238,6,2,5
Signal_2239,4,1,16
Signal_2240,1,9,20
Signal_2241,8,2,8
Signal_2242,8,3,8
Signal_2243,2,6,8
Signal_2244,10,7,16
Signal_2245,5,3,8
Signal_2246,3,9,1
Signal_2247,3,6,10
Signal_2248,1,7,16
Signal_2249,1,9,18
Signal_2250,5,5,13
Signal_2251,6,3,3
Signal_2252,10,7,6
Signal_2253,8,9,17
Signal_2254,1,1,16
Signal_2255,9,1,9
Signal_2256,6,1,12
Signal_2257,3,4,13
Signal_2258,2,6,14
Signal_2259,9,10,13
Signal_2260,8,1,13
Signal_2261,3,6,12
Signal_2262,4,10,10
Signal_2263,3,10,7
Signal_2264,8,10,5
Signal_2265,10,2,18
Signal_2266,2,3,3
Signal_2267,9,4,19
Signal_2268,1,4,18
Signal_2269,4,8,18
Signal_2270,8,3,20
Signal_2271,1,6,7
Signal_2272,7,7,5
Signal_2273,9,4,15
Signal_2274,10,6,11
Signal_2275,7,3,4
Signal_2276,4,1,13
Signal_2277,10,10,18
Signal_2278,6,9,3
Signal_2279,1,6,6
Signal_2280,5,10,16
Signal_2281,8,2,12
Signal_2282,10,5,5
Signal_2283,6,6,12
Signal_2284,5,3,10
Signal_2285,2,3,13
Signal_2286,8,2,3
Signal_2287,8,3,13
Signal_2288,3,3,3
Signal_2289,10,10,20
Signal_2290,5,6,3
Signal_2291,6,9,9
Signal_2292,6,9,19
Signal_2293,10,4,19
Signal_2294,9,10,4
Signal_2295,6,3,17
Signal_2296,10,4,10
Signal_2297,3,8,6
Signal_2298,4,8,7
Signal_2299,7,8,7
Signal_2300,7,4,8
Signal_2301,7,4,14
Signal_2302,6,6,11
Signal_2303,8,8,11
Signal_2304,2,6,17
Signal_2305,10,10,1
Signal_2306,8,7,8
Signal_2307,6,2,20
Signal_2308,6,2,12
Signal_2309,6,2,5
Signal_2310,4,4,3
Signal_2311,6,4,14
Signal_2312,3,8,15
Signal_2313,6,4,17
Signal_2314,6,10,4
Signal_2315,3,3,18
Signal_2316,10,4,11
Signal_2317,6,1,7
Signal_2318,6,3,20
Signal_2319,6,7,4
Signal_2320,9,8,3
Signal_2321,2,7,15
Signal_2322,5,7,1
Signal_2323,3,6,3
Signal_2324,4,7,14
Signal_2325,7,2,12
Signal_2326,8,1,3
Signal_2327,6,9,12
Signal_2328,8,6,15
Signal_2329,5,9,2
Signal_2330,9,2,6
Signal_2331,5,7,15
Signal_2332,10,2,16
Signal_2333,9,7,2
Signal_2334,2,9,13
Signal_2335,4,4,9
Signal_2336,9,3,1
Signal_2337,5,1,6
Signal_2338,3,2,9
Signal_2339,9,6,18
Signal_2340,4,10,19
Signal_2341,6,3,20
Signal_2342,5,2,17
Signal_2343,2,4,13
Signal_2344,9,8,6
Signal_2345,2,6,12
Signal_2346,5,4,19
Signal_2347,5,6,19
Signal_2348,4,4,13
Signal_2349,6,4,12
Signal_2350,8,9,7
Signal_2351,10,4,3
Signal_2352,5,5,13
Signal_2353,3,6,17
Signal_2354,8,9,2
Signal_2355,8,9,2
Signal_2356,10,4,8
Signal_2357,5,2,9
Signal_2358,2,1,14
Signal_2359,6,4,15
Signal_2360,7,4,2
Signal_2361,4,1,10
Signal_2362,1,7,5
Signal_2363,3,3,8
Signal_2364,5,10,19
Signal_2365,2,7,6
Signal_2366,6,6,17
Signal_2367,4,6,4
Signal_2368,2,2,5
Signal_2369,2,10,8
Signal_2370,2,3,8
Signal_2371,5,1,3
Signal_2372,3,9,17
Signal_2373,4,4,5
Signal_2374,6,1,9
Signal_2375,7,1,11
Signal_2376,10,2,13
Signal_2377,6,1,14
Signal_2378,3,10,11
Signal_2379,6,10,2
Signal_2380,2,8,10
Signal_2381,10,3,11
Signal_2382,5,3,18
Signal_2383,10,5,16
Signal_2384,10,10,2
Signal_2385,9,8,1
Signal_2386,3,9,11
Signal_2387,10,10,1
Signal_2388,5,4,13
Signal_2389,3,5,13
Signal_2390,5,7,12
Signal_2391,9,1,18
Signal_2392,10,3,3
Signal_2393,3,9,5
Signal_2394,8,9,6
Signal_2395,2,9,6
Signal_2396,10,4,2
Signal_2397,6,4,17
Signal_2398,4,7,1
Signal_2399,8,9,10
Signal_2400,9,5,1
Signal_2401,8,4,9
Signal_2402,10,5,13
Signal_2403,6,1,18
Signal_2404,10,4,10
Signal_2405,6,6,3
Signal_2406,6,4,6
Signal_2407,10,1,4
Signal_2408,8,5,3
Signal_2409,10,3,9
Signal_2410,3,10,10
Signal_2411,5,1,5
Signal_2412,9,8,15
Signal_2413,8,8,17
Signal_2414,10,10,11
Signal_2415,10,3,9
Signal_2416,4,3,7
Signal_2417,4,1,14
Signal_2418,3,8,17
Signal_2419,2,3,12
Signal_2420,8,9,6
Signal_2421,2,1,12
Signal_2422,3,4,11
Signal_2423,5,7,1
Signal_2424,3,8,18
Signal_2425,9,8,6
Signal_2426,4,3,5
Signal_2427,4,6,19
Signal_2428,7,5,10
Signal_2429,1,2,9
Signal_2430,10,5,8
Signal_2431,5,6,19
Signal_2432,3,5,6
Signal_2433,6,9,5
Signal_2434,5,4,7
Signal_2435,10,1,15
Signal_2436,3,10,7
Signal_2437,6,3,14
Signal_2438,4,8,15
Signal_2439,5,7,18
Signal_2440,1,10,5
Signal_2441,10,3,3
Signal_2442,6,8,2
Signal_2443,6,4,11
Signal_2444,3,10,13
Signal_2445,8,4,8
Signal_2446,3,7,15
Signal_2447,6,5,18
Signal_2448,8,2,9
Signal_2449,8,4,17
Signal_2450,8,7,20
Signal_2451,2,3,16
Signal_2452,7,9,17
Signal_2453,3,6,7
Signal_2454,8,2,16
Signal_2455,3,6,18
Signal_2456,3,10,4
Signal_2457,1,1,1
Signal_2458,4,10,4
Signal_2459,2,2,8
Signal_2460,7,6,12
Signal_2461,10,7,2
Signal_2462,9,3,9
Signal_2463,3,1,8
Signal_2464,8,4,3
Signal_2465,1,7,17
Signal_2466,9,6,4
Signal_2467,2,4,4
Signal_2468,7,1,13
Signal_2469,10,7,8
Signal_2470,2,7,16
Signal_2471,6,10,13
Signal_2472,5,5,19
Signal_2473,1,3,10
Signal_2474,10,1,12
Signal_2475,6,9,18
Signal_2476,6,10,6
Signal_2477,9,10,12
Signal_2478,9,10,12
Signal_2479,8,5,18
Signal_2480,10,10,16
Signal_2481,8,9,16
Signal_2482,3,10,14
Signal_2483,6,8,6
Signal_2484,5,1,10
Signal_2485,7,9,18
Signal_2486,1,10,19
Signal_2487,2,6,20
Signal_2488,5,8,4
Signal_2489,8,6,1
Signal_2490,6,7,2
Signal_2491,9,8,13
Signal_2492,7,4,15
Signal_2493,4,10,4
Signal_2494,4,1,9
Signal_2495,4,7,9
Signal_2496,5,6,8
Signal_2497,5,8,20
Signal_2498,4,6,4
Signal_2499,9,4,3
Signal_2500,8,3,20
Signal_2501,4,2,3
Signal_2502,3,6,13
Signal_2503,2,3,4
Signal_2504,9,7,9
Signal_2505,2,4,9
Signal_2506,1,9,9
Signal_2507,7,4,3
Signal_2508,1,3,3
Signal_2509,2,7,6
Signal_2510,7,9,17
Signal_2511,1,1,14
Signal_2512,1,8,4
Signal_2513,2,5,9
Signal_2514,9,7,2
Signal_2515,5,4,10
Signal_2516,8,3,2
Signal_2517,7,1,3
Signal_2518,3,10,20
Signal_2519,8,3,14
Signal_2520,3,5,6
Signal_2521,7,9,14
Signal_2522,10,9,10
Signal_2523,3,6,7
Signal_2524,1,8,17
Signal_2525,5,4,9
Signal_2526,10,10,11
Signal_2527,5,8,9
Signal_2528,2,1,16
Signal_2529,9,4,18
Signal_2530,2,8,14
Signal_2531,5,4,15
Signal_2532,3,3,5
Signal_2533,2,1,8
Signal_2534,10,9,1
Signal_2535,1,6,7
Signal_2536,10,6,15
Signal_2537,7,2,3
Signal_2538,9,3,14
Signal_2539,2,7,15
Signal_2540,10,10,17
Signal_2541,6,8,11
Signal_2542,1,5,11
Signal_2543,3,10,20
Signal_2544,8,7,6
Signal_2545,8,5,5
Signal_2546,1,4,18
Signal_2547,3,5,6
Signal_2548,1,10,3
Signal_2549,7,3,4
Signal_2550,2,9,2
Signal_2551,8,5,6
Signal_2552,9,8,1
Signal_2553,3,6,6
Signal_2554,5,6,9
Signal_2555,4,1,20
Signal_2556,5,1,9
Signal_2557,1,1,9
Signal_2558,3,4,8
Signal_2559,4,10,8
Signal_2560,3,5,20
Signal_2561,2,3,20
Signal_2562,1,6,3
Signal_2563,10,1,4
Signal_2564,2,2,6
Signal_2565,8,9,9
Signal_2566,4,10,1
Signal_2567,1,3,15
Signal_2568,10,1,20
Signal_2569,3,9,14
Signal_2570,4,10,4
Signal_2571,1,3,12
Signal_2572,10,6,14
Signal_2573,3,3,5
Signal_2574,10,2,19
Signal_2575,8,2,9
Signal_2576,10,5,2
Signal_2577,7,10,4
Signal_2578,9,10,20
Signal_2579,7,1,1
Signal_2580,10,4,12
Signal_2581,2,5,5
Signal_2582,1,8,2
Signal_2583,2,5,2
Signal_2584,9,5,18
Signal_2585,7,3,11
Signal_2586,3,10,4
Signal_2587,10,4,5
Signal_2588,7,2,1
Signal_2589,4,3,11
Signal_2590,7,6,17
Signal_2591,7,7,9
Signal_2592,7,3,1
Signal_2593,10,7,13
Signal_2594,7,7,16
Signal_2595,7,3,2
Signal_2596,8,6,8
Signal_2597,7,10,12
Signal_2598,2,5,19
Signal_2599,3,1,18
Signal_2600,5,9,16
Signal_2601,10,10,17
Signal_2602,9,3,11
Signal_2603,9,3,19
Signal_2604,10,3,20
Signal_2605,7,7,17
Signal_2606,5,9,20
Signal_2607,1,8,14
Signal_2608,4,9,12
Signal_2609,9,10,18
Signal_2610,2,8,3
Signal_2611,5,9,14
Signal_2612,4,6,5
Signal_2613,7,1,19
Signal_2614,8,5,2
Signal_2615,10,8,13
Signal_2616,5,2,4
Signal_2617,5,1,13
Signal_2618,9,6,2
Signal_2619,7,3,11
Signal_2620,2,3,9
Signal_2621,2,10,8
Signal_2622,5,2,11
Signal_2623,10,9,16
Signal_2624,9,2,3
Signal_2625,4,10,4
Signal_2626,7,8,19
Signal_2627,1,9,14
Signal_2628,10,3,3
Signal_2629,5,1,9
Signal_2630,9,1,6
Signal_2631,9,6,5
Signal_2632,8,6,4
Signal_2633,5,3,17
Signal_2634,1,4,3
Signal_2635,8,5,13
Signal_2636,7,2,12
Signal_2637,8,4,11
Signal_2638,8,6,19
Signal_2639,2,10,15
Signal_2640,7,5,17
Signal_2641,8,2,11
Signal_2642,7,10,8
Signal_2643,6,9,10
Signal_2644,5,1,18
Signal_2645,4,10,8
Signal_2646,2,10,20
Signal_2647,5,1,3
Signal_2648,7,5,17
Signal_2649,4,7,10
Signal_2650,10,2,13
Signal_2651,8,2,4
Signal_2652,7,1,18
Signal_2653,5,5,18
Signal_2654,1,3,19
Signal_2655,4,9,17
Signal_2656,9,9,20
Signal_2657,1,4,9
Signal_2658,4,4,18
Signal_2659,2,3,12
Signal_2660,4,9,9
Signal_2661,8,5,18
Signal_2662,5,10,6
Signal_2663,5,9,16
Signal_2664,6,4,10
Signal_2665,3,6,1
Signal_2666,10,3,5
Signal_2667,10,4,11
Signal_2668,5,8,18
Signal_2669,1,1,12
Signal_2670,9,10,19
Signal_2671,1,1,6
Signal_2672,9,6,5
Signal_2673,1,9,16
Signal_2674,10,6,17
Signal_2675,6,5,8
Signal_2676,6,4,14
Signal_2677,4,2,15
Signal_2678,7,1,1
Signal_2679,6,10,8
Signal_2680,1,7,12
Signal_2681,9,2,14
Signal_2682,6,7,19
Signal_2683,3,5,13
Signal_2684,7,7,20
Signal_2685,7,2,14
Signal_2686,10,10,3
Signal_2687,3,2,9
Signal_2688,1,3,17
Signal_2689,5,5,14
Signal_2690,6,9,6
Signal_2691,3,7,12
Signal_2692,3,5,13
Signal_2693,2,7,15
Signal_2694,10,7,20
Signal_2695,1,1,2
Signal_2696,4,1,17
Signal_2697,9,5,5
Signal_2698,6,9,2
Signal_2699,2,9,16
Signal_2700,10,6,16
Signal_2701,4,3,19
Signal_2702,5,1,14
Signal_2703,6,8,17
Signal_2704,2,8,12
Signal_2705,2,6,16
Signal_2706,10,10,8
Signal_2707,4,8,19
Signal_2708,6,10,2
Signal_2709,7,6,19
Signal_2710,5,4,13
Signal_2711,3,2,12
Signal_2712,2,10,17
Signal_2713,3,2,2
Signal_2714,9,6,11
Signal_2715,9,3,17
Signal_2716,9,9,17
Signal_2717,9,5,11
Signal_2718,9,9,8
Signal_2719,4,9,7
Signal_2720,6,2,20
Signal_2721,5,10,12
Signal_2722,3,1,1
Signal_2723,7,3,16
Signal_2724,10,8,10
Signal_2725,4,2,6
Signal_2726,6,1,4
Signal_2727,1,10,15
Signal_2728,5,1,2
Signal_2729,3,4,19
Signal_2730,5,6,8
Signal_2731,7,7,8
Signal_2732,8,1,20
Signal_2733,3,4,9
Signal_2734,4,6,13
Signal_2735,6,7,9
Signal_2736,6,4,6
Signal_2737,10,3,6
Signal_2738,3,9,11
Signal_2739,6,10,4
Signal_2740,3,7,5
Signal_2741,4,8,11
Signal_2742,7,5,12
Signal_2743,9,2,5
Signal_2744,3,6,16
Signal_2745,1,4,11
Signal_2746,3,1,9
Signal_2747,8,10,1
Signal_2748,7,3,5
Signal_2749,3,8,7
Signal_2750,6,8,14
Signal_2751,3,10,17
Signal_2752,7,1,17
Signal_2753,7,3,12
Signal_2754,9,6,4
Signal_2755,6,8,6
Signal_2756,6,1,19
Signal_2757,2,9,7
Signal_2758,2,10,12
Signal_2759,4,8,13
Signal_2760,9,2,8
Signal_2761,4,9,2
Signal_2762,8,6,2
Signal_2763,8,3,7
Signal_2764,8,2,19
Signal_2765,6,3,3
Signal_2766,10,5,18
Signal_2767,9,2,2
Signal_2768,1,9,4
Signal_2769,2,8,12
Signal_2770,7,3,18
Signal_2771,7,10,18
Signal_2772,7,9,12
Signal_2773,2,8,5
Signal_2774,1,6,12
Signal_2775,7,10,7
Signal_2776,4,4,3
Signal_2777,9,3,19
Signal_2778,6,6,13
Signal_2779,5,2,1
Signal_2780,3,9,7
Signal_2781,8,1,8
Signal_2782,6,1,1
Signal_2783,10,3,5
Signal_2784,4,6,20
Signal_2785,9,5,9
Signal_2786,10,8,4
Signal_2787,4,2,5
Signal_2788,2,4,6
Signal_2789,2,7,17
Signal_2790,8,4,12
Signal_2791,8,4,20
Signal_2792,10,6,14
Signal_2793,4,8,19
Signal_2794,1,1,16
Signal_2795,9,10,17
Signal_2796,4,3,5
Signal_2797,7,9,11
Signal_2798,3,1,19
Signal_2799,2,7,16
Signal_2800,2,4,9
Signal_2801,3,7,13
Signal_2802,10,9,18
Signal_2803,2,3,3
Signal_2804,2,6,8
Signal_2805,8,3,17
Signal_2806,5,2,17
Signal_2807,3,7,20
Signal_2808,2,6,6
Signal_2809,10,5,16
Signal_2810,2,1,18
Signal_2811,7,6,7
Signal_2812,2,1,18
Signal_2813,7,1,8
Signal_2814,2,5,8
Signal_2815,2,2,12
Signal_2816,10,6,10
Signal_2817,5,4,18
Signal_2818,1,4,4
Signal_2819,4,9,10
Signal_2820,7,8,17
Signal_2821,10,6,18
Signal_2822,1,2,15
Signal_2823,7,3,13
Signal_2824,4,5,12
Signal_2825,3,10,5
Signal_2826,5,5,6
Signal_2827,5,10,12
Signal_2828,1,1,12
Signal_2829,7,7,1
Signal_2830,9,9,7
Signal_2831,9,9,14
Signal_2832,2,3,18
Signal_2833,8,1,2
Signal_2834,6,1,17
Signal_2835,4,2,2
Signal_2836,9,1,7
Signal_2837,3,7,7
Signal_2838,3,8,19
Signal_2839,8,4,18
Signal_2840,2,7,8
Signal_2841,10,8,2
Signal_2842,7,8,1
Signal_2843,2,7,18
Signal_2844,3,10,5
Signal_2845,2,3,11
Signal_2846,4,10,17
Signal_2847,5,1,16
Signal_2848,8,6,15
Signal_2849,6,9,7
Signal_2850,8,1,14
Signal_2851,4,8,8
Signal_2852,10,7,2
Signal_2853,10,2,20
Signal_2854,8,7,12
Signal_2855,6,1,18
Signal_2856,1,7,12
Signal_2857,5,9,4
Signal_2858,8,2,6
Signal_2859,5,1,15
Signal_2860,10,1,8
Signal_2861,9,2,19
Signal_2862,1,9,18
Signal_2863,3,10,7
Signal_2864,6,5,12
Signal_2865,1,2,17
Signal_2866,9,8,14
Signal_2867,5,8,12
Signal_2868,9,1,16
Signal_2869,7,9,14
Signal_2870,3,5,10
Signal_2871,4,9,9
Signal_2872,4,4,18
Signal_2873,1,7,6
Signal_2874,5,6,7
Signal_2875,10,7,20
Signal_2876,2,5,12
Signal_2877,3,6,9
Signal_2878,2,4,19
Signal_2879,2,1,1
Signal_2880,3,5,10
Signal_2881,9,3,6
Signal_2882,6,8,6
Signal_2883,5,1,12
Signal_2884,10,9,18
Signal_2885,6,9,18
Signal_2886,4,2,13
Signal_2887,4,7,20
Signal_2888,2,9,13
Signal_2889,2,6,14
Signal_2890,2,10,10
Signal_2891,2,4,9
Signal_2892,1,7,8
Signal_2893,3,1,2
Signal_2894,10,6,6
Signal_2895,7,4,1
Signal_2896,5,5,10
Signal_2897,8,2,5
Signal_2898,8,10,10
Signal_2899,9,6,9
Signal_2900,10,6,5
Signal_2901,3,10,18
Signal_2902,4,9,13
Signal_2903,4,2,17
Signal_2904,8,3,19
Signal_2905,10,10,20
Signal_2906,8,9,7
Signal_2907,2,4,18
Signal_2908,8,7,6
Signal_2909,9,2,15
Signal_2910,7,2,10
Signal_2911,7,6,12
Signal_2912,1,2,2
Signal_2913,5,6,9
Signal_2914,8,1,1
Signal_2915,9,9,15
Signal_2916,2,5,6
Signal_2917,7,4,14
Signal_2918,1,8,9
Signal_2919,3,6,8
Signal_2920,10,9,17
Signal_2921,2,6,10
Signal_2922,10,9,19
Signal_2923,8,7,7
Signal_2924,1,1,9
Signal_2925,10,8,13
Signal_2926,3,3,5
Signal_2927,5,5,10
Signal_2928,7,6,10
Signal_2929,5,8,13
Signal_2930,10,6,17
Signal_2931,2,9,1
Signal_2932,4,2,9
Signal_2933,8,1,8
Signal_2934,8,3,10
Signal_2935,2,8,7
Signal_2936,3,8,6
Signal_2937,7,8,9
Signal_2938,4,3,19
Signal_2939,9,8,8
Signal_2940,5,5,2
Signal_2941,10,1,14
Signal_2942,5,1,12
Signal_2943,10,10,19
Signal_2944,2,2,17
Signal_2945,4,3,7
Signal_2946,5,7,10
Signal_2947,5,3,11
Signal_2948,4,2,5
Signal_2949,10,3,6
Signal_2950,7,7,9
Signal_2951,3,6,3
Signal_2952,4,6,3
Signal_2953,1,3,9
Signal_2954,1,5,6
Signal_2955,1,3,15
Signal_2956,4,10,16
Signal_2957,9,2,14
Signal_2958,5,10,8
Signal_2959,3,6,12
Signal_2960,5,10,7
Signal_2961,8,4,14
Signal_2962,2,7,16
Signal_2963,8,6,14
Signal_2964,8,1,17
Signal_2965,7,7,1
Signal_2966,8,4,2
Signal_2967,4,5,18
Signal_2968,9,1,5
Signal_2969,5,1,8
Signal_2970,4,3,15
Signal_2971,6,8,2
Signal_2972,6,8,4
Signal_2973,8,7,3
Signal_2974,5,6,7
Signal_2975,2,1,19
Signal_2976,1,3,15
Signal_2977,10,4,19
Signal_2978,2,3,17
Signal_2979,9,2,2
Signal_2980,2,3,4
Signal_2981,7,5,9
Signal_2982,8,8,1
Signal_2983,8,7,18
Signal_2984,10,3,5
Signal_2985,4,6,4
Signal_2986,3,9,19
Signal_2987,1,10,3
Signal_2988,2,5,10
Signal_2989,7,10,4
Signal_2990,5,10,4
Signal_2991,1,1,10
Signal_2992,6,4,17
Signal_2993,2,1,12
Signal_2994,8,1,13
Signal_2995,8,2,9
Signal_2996,2,9,15
Signal_2997,2,9,2
Signal_2998,9,10,13
Signal_2999,4,1,18
Signal_3000,4,4,17
Signal_3001,5,1,10
Signal_3002,6,3,4
Signal_3003,4,2,7
Signal_3004,7,10,17
Signal_3005,8,2,9
Signal_3006,3,7,10
Signal_3007,2,5,12
Signal_3008,7,8,11
Signal_3009,4,6,14
Signal_3010,9,10,2
Signal_3011,5,10,17
Signal_3012,9,8,4
Signal_3013,3,8,4
Signal_3014,4,9,10
Signal_3015,3,6,19
Signal_3016,5,3,17
Signal_3017,6,9,12
Signal_3018,8,1,16
Signal_3019,6,8,3
Signal_3020,7,7,3
Signal_3021,5,5,17
Signal_3022,8,2,17
Signal_3023,7,5,9
Signal_3024,2,8,20
Signal_3025,2,4,15
Signal_3026,3,9,6
Signal_3027,4,5,20
Signal_3028,8,3,2
Signal_3029,7,6,10
Signal_3030,7,5,14
Signal_3031,6,4,20
Signal_3032,6,3,11
Signal_3033,2,3,6
Signal_3034,5,4,9
Signal_3035,10,4,20
Signal_3036,6,8,3
Signal_3037,7,8,9
Signal_3038,7,4,15
Signal_3039,1,7,6
Signal_3040,1,6,7
Signal_3041,1,4,19
Signal_3042,4,6,7
Signal_3043,8,9,19
Signal_3044,10,1,17
Signal_3045,6,2,17
Signal_3046,1,6,19
Signal_3047,8,8,16
Signal_3048,2,5,12
Signal_3049,9,8,5
Signal_3050,9,6,11
Signal_3051,6,2,2
Signal_3052,4,4,9
Signal_3053,5,9,6
Signal_3054,3,10,14
Signal_3055,10,3,1
Signal_3056,9,2,16
Signal_3057,3,2,3
Signal_3058,9,8,13
Signal_3059,2,9,13
Signal_3060,10,1,7
Signal_3061,5,4,10
Signal_3062,4,4,18
Signal_3063,4,9,8
Signal_3064,8,5,14
Signal_3065,7,5,13
Signal_3066,8,1,10
Signal_3067,4,7,7
Signal_3068,9,10,3
Signal_3069,7,3,5
Signal_3070,10,8,15
Signal_3071,9,2,6
Signal_3072,1,1,20
Signal_3073,4,2,19
Signal_3074,8,4,20
Signal_3075,7,4,4
Signal_3076,2,1,18
Signal_3077,5,8,17
Signal_3078,1,1,10
Signal_3079,3,5,3
Signal_3080,10,8,1
Signal_3081,7,6,6
Signal_3082,10,1,3
Signal_3083,9,5,17
Signal_3084,4,7,19
Signal_3085,4,10,12
Signal_3086,5,9,6
Signal_3087,4,8,2
Signal_3088,5,2,10
Signal_3089,6,4,19
Signal_3090,8,5,13
Signal_3091,10,7,5
Signal_3092,9,3,8
Signal_3093,1,7,4
Signal_3094,8,7,10
Signal_3095,7,2,5
Signal_3096,3,6,10
Signal_3097,6,4,5
Signal_3098,7,4,10
Signal_3099,1,4,2
Signal_3100,3,2,14
Signal_3101,9,8,14
Signal_3102,3,7,16
Signal_3103,4,5,10
Signal_3104,2,10,14
Signal_3105,5,3,7
Signal_3106,8,3,20
Signal_3107,7,4,4
Signal_3108,10,7,4
Signal_3109,2,5,6
Signal_3110,9,5,8
Signal_3111,4,8,2
Signal_3112,6,1,7
Signal_3113,1,1,12
Signal_3114,9,5,13
Signal_3115,6,1,16
Signal_3116,9,9,16
Signal_3117,9,8,3
Signal_3118,2,1,5
Signal_3119,9,10,10
Signal_3120,2,9,3
Signal_3121,7,3,6
Signal_3122,8,1,12
Signal_3123,6,3,12
Signal_3124,7,10,7
Signal_3125,6,2,15
Signal_3126,6,6,19
Signal_3127,3,8,1
Signal_3128,3,2,1
Signal_3129,7,4,16
Signal_3130,9,6,9
Signal_3131,3,2,17
Signal_3132,1,1,10
Signal_3133,5,5,10
Signal_3134,3,3,14
Signal_3135,9,8,11
Signal_3136,10,3,7
Signal_3137,10,5,10
Signal_3138,8,6,8
Signal_3139,6,10,13
Signal_3140,8,1,16
Signal_3141,5,5,4
Signal_3142,10,4,4
Signal_3143,8,2,12
Signal_3144,9,10,19
Signal_3145,5,5,15
Signal_3146,7,9,6
Signal_3147,3,2,16
Signal_3148,10,4,16
Signal_3149,5,8,12
Signal_3150,5,10,8
Signal_3151,10,7,6
Signal_3152,2,8,19
Signal_3153,7,4,2
Signal_3154,6,10,16
Signal_3155,3,4,7
Signal_3156,5,5,10
Signal_3157,2,7,4
Signal_3158,8,5,15
Signal_3159,10,9,16
Signal_3160,1,9,15
Signal_3161,7,4,4
Signal_3162,1,5,16
Signal_3163,3,2,14
Signal_3164,7,1,11
Signal_3165,1,5,12
Signal_3166,1,6,3
Signal_3167,7,3,20
Signal_3168,1,8,1
Signal_3169,3,10,17
Signal_3170,3,2,4
Signal_3171,2,7,5
Signal_3172,3,2,14
Signal_3173,4,7,17
Signal_3174,7,4,3
Signal_3175,7,5,14
Signal_3176,4,8,13
Signal_3177,4,9,12
Signal_3178,4,1,12
Signal_3179,9,9,1
Signal_3180,3,2,1
Signal_3181,5,6,19
Signal_3182,3,4,1
Signal_3183,6,1,13
Signal_3184,2,2,18
Signal_3185,2,6,11
Signal_3186,4,1,20
Signal_3187,6,10,6
Signal_3188,9,3,19
Signal_3189,6,1,14
Signal_3190,2,6,19
Signal_3191,2,9,8
Signal_3192,1,7,19
Signal_3193,7,7,10
Signal_3194,4,8,15
Signal_3195,2,10,4
Signal_3196,4,9,9
Signal_3197,7,5,1
Signal_3198,10,1,5
Signal_3199,4,2,19
Signal_3200,5,10,11
Signal_3201,3,5,9
Signal_3202,4,4,3
Signal_3203,9,5,14
Signal_3204,5,2,8
Signal_3205,2,5,6
Signal_3206,2,3,11
Signal_3207,8,3,10
Signal_3208,1,2,4
Signal_3209,4,4,18
Signal_3210,4,9,3
Signal_3211,4,4,5
Signal_3212,6,4,20
Signal_3213,7,2,1
Signal_3214,1,1,7
Signal_3215,3,4,19
Signal_3216,5,3,15
Signal_3217,3,4,14
Signal_3218,3,7,17
Signal_3219,2,9,14
Signal_3220,4,3,1
Signal_3221,7,9,18
Signal_3222,2,4,4
Signal_3223,2,2,12
Signal_3224,9,3,18
Signal_3225,9,4,2
Signal_3226,8,5,15
Signal_3227,6,6,13
Signal_3228,8,6,13
Signal_3229,7,9,13
Signal_3230,5,8,19
Signal_3231,8,3,7
Signal_3232,6,9,16
Signal_3233,7,5,4
Signal_3234,3,3,9
Signal_3235,10,7,11
Signal_3236,10,5,17
Signal_3237,3,1,15
Signal_3238,2,4,3
Signal_3239,10,1,12
Signal_3240,4,9,9
Signal_3241,8,10,11
Signal_3242,1,3,14
Signal_3243,4,9,20
Signal_3244,10,4,9
Signal_3245,9,5,3
Signal_3246,2,1,5
Signal_3247,3,5,4
Signal_3248,4,5,15
Signal_3249,7,1,6
Signal_3250,6,1,1
Signal_3251,2,6,13
Signal_3252,9,2,2
Signal_3253,4,5,6
Signal_3254,1,3,16
Signal_3255,2,3,1
Signal_3256,6,3,5
Signal_3257,10,5,6
Signal_3258,4,10,20
Signal_3259,3,2,10
Signal_3260,2,4,9
Signal_3261,6,9,9
Signal_3262,6,5,4
Signal_3263,1,2,11
Signal_3264,8,1,1
Signal_3265,10,8,10
Signal_3266,4,3,3
Signal_3267,2,4,16
Signal_3268,5,4,17
Signal_3269,10,4,15
Signal_3270,1,7,12
Signal_3271,4,10,9
Signal_3272,3,8,14
Signal_3273,7,5,14
Signal_3274,8,1,15
Signal_3275,10,1,13
Signal_3276,1,7,16
Signal_3277,8,8,8
Signal_3278,6,1,16
Signal_3279,1,3,6
Signal_3280,7,8,7
Signal_3281,2,10,15
Signal_3282,5,2,6
Signal_3283,2,6,7
Signal_3284,5,6,14
Signal_3285,1,4,8
Signal_3286,1,6,9
Signal_3287,10,1,19
Signal_3288,2,6,3
Signal_3289,8,8,6
Signal_3290,3,4,4
Signal_3291,4,4,9
Signal_3292,8,8,15
Signal_3293,6,2,6
Signal_3294,4,2,3
Signal_3295,7,4,17
Signal_3296,8,10,20
Signal_3297,8,2,7
Signal_3298,3,10,14
Signal_3299,3,2,4
Signal_3300,4,1,12
Signal_3301,8,8,9
Signal_3302,9,9,6
Signal_3303,8,5,15
Signal_3304,7,3,11
Signal_3305,3,9,6
Signal_3306,1,6,14
Signal_3307,8,7,1
Signal_3308,4,1,17
Signal_3309,3,10,6
Signal_3310,5,9,4
Signal_3311,5,10,12
Signal_3312,5,6,15
Signal_3313,2,4,19
Signal_3314,4,10,2
Signal_3315,5,9,5
Signal_3316,3,6,1
Signal_3317,6,6,2
Signal_3318,10,10,9
Signal_3319,5,5,11
Signal_3320,5,6,17
Signal_3321,10,9,12
Signal_3322,5,4,4
Signal_3323,4,6,10
Signal_3324,1,6,4
Signal_3325,10,3,17
Signal_3326,6,5,11
Signal_3327,1,5,17
Signal_3328,6,1,12
Signal_3329,6,7,5
Signal_3330,10,8,2
Signal_3331,9,2,18
Signal_3332,1,2,15
Signal_3333,6,7,18
Signal_3334,1,4,9
Signal_3335,7,8,19
Signal_3336,9,8,20
Signal_3337,1,7,15
Signal_3338,4,4,10
Signal_3339,1,2,12
Signal_3340,6,2,17
Signal_3341,6,8,1
Signal_3342,3,8,18
Signal_3343,6,9,8
Signal_3344,6,3,19
Signal_3345,9,8,15
Signal_3346,3,1,19
Signal_3347,6,10,7
Signal_3348,9,2,4
Signal_3349,2,8,13
Signal_3350,3,9,14
Signal_3351,2,1,5
Signal_3352,2,9,18
Signal_3353,9,3,10
Signal_3354,4,8,9
Signal_3355,7,1,5
Signal_3356,3,10,15
Signal_3357,6,7,2
Signal_3358,2,7,14
Signal_3359,6,3,9
Signal_3360,3,10,16
Signal_3361,1,7,16
Signal_3362,2,10,3
Signal_3363,7,7,5
Signal_3364,6,7,17
Signal_3365,8,8,2
Signal_3366,8,9,11
Signal_3367,5,5,20
Signal_3368,8,3,14
Signal_3369,3,9,11
Signal_3370,1,8,1
Signal_3371,7,7,18
Signal_3372,4,8,11
Signal_3373,10,9,8
Signal_3374,6,8,15
Signal_3375,8,7,14
Signal_3376,2,9,2
Signal_3377,1,9,17
Signal_3378,5,7,2
Signal_3379,5,6,3
Signal_3380,2,8,8
Signal_3381,4,8,3
Signal_3382,8,1,5
Signal_3383,8,3,3
Signal_3384,10,8,9
Signal_3385,6,4,4
Signal_3386,4,1,9
Signal_3387,10,10,19
Signal_3388,7,6,11
Signal_3389,2,5,12
Signal_3390,8,1,10
Signal_3391,4,10,4
Signal_3392,2,10,1
Signal_3393,9,7,7
Signal_3394,7,6,5
Signal_3395,10,8,3
Signal_3396,6,6,4
Signal_3397,3,2,13
Signal_3398,3,2,12
Signal_3399,8,2,15
Signal_3400,8,8,3
Signal_3401,1,6,2
Signal_3402,10,3,18
Signal_3403,7,6,10
Signal_3404,1,7,12
Signal_3405,5,7,2
Signal_3406,9,6,6
Signal_3407,7,5,18
Signal_3408,8,5,9
Signal_3409,8,5,15
Signal_3410,4,10,15
Signal_3411,7,4,13
Signal_3412,9,1,9
Signal_3413,7,7,3
Signal_3414,6,4,9
Signal_3415,8,5,2
Signal_3416,7,8,16
Signal_3417,4,10,1
Signal_3418,6,3,5
Signal_3419,10,5,13
Signal_3420,4,4,1
Signal_3421,1,9,11
Signal_3422,2,8,10
Signal_3423,1,5,8
Signal_3424,6,4,14
Signal_3425,4,1,10
Signal_3426,3,1,19
Signal_3427,7,3,13
Signal_3428,10,6,12
Signal_3429,9,10,12
Signal_3430,5,5,6
Signal_3431,6,8,19
Signal_3432,5,10,2
Signal_3433,5,6,14
Signal_3434,3,2,16
Signal_3435,5,9,13
Signal_3436,7,6,12
Signal_3437,10,4,10
Signal_3438,9,6,10
Signal_3439,6,7,11
Signal_3440,7,2,6
Signal_3441,8,6,5
Signal_3442,1,8,17
Signal_3443,3,8,1
Signal_3444,4,3,15
Signal_3445,8,4,7
Signal_3446,6,2,12
Signal_3447,4,1,1
Signal_3448,5,10,9
Signal_3449,10,4,4
Signal_3450,2,4,12
Signal_3451,3,3,9
Signal_3452,10,5,8
Signal_3453,7,6,18
Signal_3454,7,10,5
Signal_3455,6,9,6
Signal_3456,1,6,5
Signal_3457,10,6,18
Signal_3458,5,5,8
Signal_3459,10,7,5
Signal_3460,7,10,13
Signal_3461,9,9,18
Signal_3462,4,1,10
Signal_3463,4,2,3
Signal_3464,4,9,7
Signal_3465,2,8,9
Signal_3466,4,4,17
Signal_3467,2,1,18
Signal_3468,1,4,14
Signal_3469,6,2,1
Signal_3470,1,6,15
Signal_3471,7,4,16
Signal_3472,8,10,8
Signal_3473,4,2,14
Signal_3474,2,5,10
Signal_3475,2,8,18
Signal_3476,3,2,17
Signal_3477,1,1,14
Signal_3478,3,7,5
Signal_3479,5,6,3
Signal_3480,8,5,10
Signal_3481,5,9,5
Signal_3482,7,3,13
Signal_3483,9,10,20
Signal_3484,5,1,19
Signal_3485,4,8,11
Signal_3486,9,1,20
Signal_3487,8,7,13
Signal_3488,5,8,12
Signal_3489,1,9,12
Signal_3490,10,2,11
Signal_3491,1,2,6
Signal_3492,7,1,20
Signal_3493,1,1,13
Signal_3494,7,10,12
Signal_3495,9,5,5
Signal_3496,5,7,7
Signal_3497,6,9,20
Signal_3498,5,10,15
Signal_3499,6,1,1
Signal_3500,5,10,9
Signal_3501,8,7,11
Signal_3502,4,7,15
Signal_3503,3,5,11
Signal_3504,2,2,7
Signal_3505,8,1,8
Signal_3506,5,1,8
Signal_3507,7,6,2
Signal_3508,2,3,9
Signal_3509,7,9,18
Signal_3510,8,2,16
Signal_3511,9,7,13
Signal_3512,9,6,5
Signal_3513,5,9,18
Signal_3514,8,9,13
Signal_3515,7,8,8
Signal_3516,3,7,3
Signal_3517,8,2,15
Signal_3518,3,8,13
Signal_3519,9,10,1
Signal_3520,5,9,7
Signal_3521,4,1,16
Signal_3522,2,1,15
Signal_3523,9,10,5
Signal_3524,7,8,7
Signal_3525,9,10,7
Signal_3526,2,3,16
Signal_3527,6,6,10
Signal_3528,1,3,15
Signal_3529,8,9,19
Signal_3530,1,5,12
Signal_3531,7,3,10
Signal_3532,1,10,6
Signal_3533,2,4,18
Signal_3534,3,5,8
Signal_3535,8,9,1
Signal_3536,8,7,1
Signal_3537,2,5,9
Signal_3538,3,1,6
Signal_3539,1,7,16
Signal_3540,2,4,1
Signal_3541,9,4,15
Signal_3542,2,4,9
Signal_3543,2,3,11
Signal_3544,7,5,4
Signal_3545,7,7,5
Signal_3546,7,4,6
Signal_3547,9,5,1
Signal_3548,5,7,19
Signal_3549,4,4,18
Signal_3550,1,10,16
Signal_3551,6,5,9
Signal_3552,8,1,2
Signal_3553,5,7,13
Signal_3554,7,2,14
Signal_3555,3,7,12
Signal_3556,3,3,20
Signal_3557,7,5,9
Signal_3558,4,1,11
Signal_3559,6,10,18
Signal_3560,2,8,14
Signal_3561,2,2,9
Signal_3562,9,10,16
Signal_3563,1,6,13
Signal_3564,5,10,19
Signal_3565,10,2,3
Signal_3566,7,1,12
Signal_3567,4,10,10
Signal_3568,10,9,4
Signal_3569,2,10,6
Signal_3570,9,4,4
Signal_3571,8,9,5
Signal_3572,4,8,18
Signal_3573,7,7,11
Signal_3574,4,4,11
Signal_3575,4,7,6
Signal_3576,4,1,15
Signal_3577,7,4,10
Signal_3578,10,7,11
Signal_3579,9,6,10
Signal_3580,3,5,6
Signal_3581,9,2,2
Signal_3582,3,3,19
Signal_3583,6,6,9
Signal_3584,10,3,9
Signal_3585,3,7,15
Signal_3586,7,8,9
Signal_3587,3,10,14
Signal_3588,5,1,7
Signal_3589,4,4,1
Signal_3590,7,3,10
Signal_3591,7,1,9
Signal_3592,7,1,7
Signal_3593,6,8,13
Signal_3594,4,2,6
Signal_3595,5,6,10
Signal_3596,4,8,2
Signal_3597,10,7,4
Signal_3598,1,5,13
Signal_3599,3,5,10
Signal_3600,3,9,15
Signal_3601,9,9,7
Signal_3602,9,7,7
Signal_3603,7,9,18
Signal_3604,4,8,20
Signal_3605,3,3,2
Signal_3606,5,5,6
Signal_3607,1,6,1
Signal_3608,7,8,17
Signal_3609,3,8,18
Signal_3610,9,7,12
Signal_3611,5,10,19
Signal_3612,10,6,16
Signal_3613,5,1,6
Signal_3614,2,5,2
Signal_3615,1,9,18
Signal_3616,1,7,10
Signal_3617,3,8,7
Signal_3618,1,7,18
Signal_3619,7,6,15
Signal_3620,2,3,14
Signal_3621,3,6,16
Signal_3622,4,10,11
Signal_3623,7,8,6
Signal_3624,5,4,18
Signal_3625,9,6,9
Signal_3626,6,4,7
Signal_3627,2,5,2
Signal_3628,5,8,2
Signal_3629,8,3,12
Signal_3630,1,3,9
Signal_3631,8,7,8
Signal_3632,2,2,14
Signal_3633,3,4,1
Signal_3634,10,10,16
Signal_3635,1,6,2
Signal_3636,9,6,8
Signal_3637,6,3,1
Signal_3638,8,5,20
Signal_3639,8,3,14
Signal_3640,1,7,16
Signal_3641,4,6,19
Signal_3642,6,8,1
Signal_3643,4,4,11
Signal_3644,1,7,7
Signal_3645,8,2,18
Signal_3646,9,6,16
Signal_3647,1,7,16
Signal_3648,1,8,15
Signal_3649,4,3,12
Signal_3650,8,8,15
Signal_3651,6,1,10
Signal_3652,2,10,11
Signal_3653,9,4,4
Signal_3654,1,5,9
Signal_3655,3,2,17
Signal_3656,6,2,19
Signal_3657,6,10,4
Signal_3658,4,10,11
Signal_3659,4,5,17
Signal_3660,5,4,12
Signal_3661,5,7,2
Signal_3662,1,3,14
Signal_3663,9,8,8
Signal_3664,10,7,7
Signal_3665,5,7,9
Signal_3666,9,5,7
Signal_3667,4,3,4
Signal_3668,1,4,16
Signal_3669,6,1,4
Signal_3670,7,5,17
Signal_3671,9,1,9
Signal_3672,10,8,3
Signal_3673,8,3,7
Signal_3674,8,5,7
Signal_3675,8,6,5
Signal_3676,2,8,1
Signal_3677,9,6,14
Signal_3678,10,9,8
Signal_3679,4,9,15
Signal_3680,10,1,14
Signal_3681,3,6,10
Signal_3682,5,1,8
Signal_3683,4,1,9
Signal_3684,8,10,11
Signal_3685,5,3,11
Signal_3686,1,2,10
Signal_3687,1,8,7
Signal_3688,8,1,8
Signal_3689,10,10,14
Signal_3690,2,4,13
Signal_3691,2,2,10
Signal_3692,4,5,9
Signal_3693,5,2,9
Signal_3694,6,2,17
Signal_3695,3,4,17
Signal_3696,6,4,6
Signal_3697,9,9,11
Signal_3698,1,1,18
Signal_3699,7,3,2
Signal_3700,2,8,9
Signal_3701,10,9,9
Signal_3702,1,3,19
Signal_3703,5,5,6
Signal_3704,8,3,4
Signal_3705,5,10,18
Signal_3706,2,6,12
Signal_3707,9,10,1
Signal_3708,10,9,1
Signal_3709,9,7,8
Signal_3710,2,4,16
Signal_3711,2,8,18
Signal_3712,6,8,6
Signal_3713,7,4,19
Signal_3714,8,9,5
Signal_3715,6,10,2
Signal_3716,3,2,7
Signal_3717,7,3,3
Signal_3718,9,8,20
Signal_3719,6,2,4
Signal_3720,10,8,12
Signal_3721,5,5,14
Signal_3722,3,5,20
Signal_3723,4,9,6
Signal_3724,10,8,18
Signal_3725,3,5,2
Signal_3726,9,4,3
Signal_3727,8,5,15
Signal_3728,8,10,9
Signal_3729,2,1,18
Signal_3730,9,9,20
Signal_3731,8,9,11
Signal_3732,2,8,18
Signal_3733,2,1,2
Signal_3734,4,4,16
Signal_3735,9,2,5
Signal_3736,10,1,3
Signal_3737,4,4,13
Signal_3738,6,5,6
Signal_3739,8,2,20
Signal_3740,4,9,5
Signal_3741,2,7,7
Signal_3742,6,10,13
Signal_3743,1,3,1
Signal_3744,8,8,17
Signal_3745,9,2,15
Signal_3746,7,7,13
Signal_3747,9,8,8
Signal_3748,2,1,1
Signal_3749,9,9,6
Signal_3750,5,10,20
Signal_3751,2,2,6
Signal_3752,4,10,11
Signal_3753,10,7,13
Signal_3754,5,10,20
Signal_3755,4,6,19
Signal_3756,2,2,5
Signal_3757,7,10,20
Signal_3758,10,10,2
Signal_3759,3,9,2
Signal_3760,8,1,5
Signal_3761,10,5,7
Signal_3762,10,3,13
Signal_3763,7,9,3
Signal_3764,6,2,5
Signal_3765,6,4,3
Signal_3766,3,1,1
Signal_3767,3,1,15
Signal_3768,3,6,2
Signal_3769,7,10,5
Signal_3770,3,7,11
Signal_3771,6,7,3
Signal_3772,2,6,18
Signal_3773,6,7,8
Signal_3774,5,9,20
Signal_3775,6,6,1
Signal_3776,8,7,18
Signal_3777,5,9,4
Signal_3778,10,10,17
Signal_3779,7,9,20
Signal_3780,5,8,6
Signal_3781,4,9,4
Signal_3782,8,4,14
Signal_3783,6,5,12
Signal_3784,3,8,4
Signal_3785,3,10,3
Signal_3786,2,4,14
Signal_3787,9,5,13
Signal_3788,1,4,6
Signal_3789,5,7,15
Signal_3790,9,5,20
Signal_3791,3,2,13
Signal_3792,10,5,13
Signal_3793,5,9,3
Signal_3794,2,2,12
Signal_3795,10,1,1
Signal_3796,4,8,19
Signal_3797,5,3,18
Signal_3798,1,4,15
Signal_3799,10,1,13
Signal_3800,10,3,8
Signal_3801,3,3,20
Signal_3802,4,4,8
Signal_3803,7,1,18
Signal_3804,9,1,8
Signal_3805,6,1,5
Signal_3806,8,5,7
Signal_3807,8,6,9
Signal_3808,1,5,12
Signal_3809,7,2,20
Signal_3810,6,6,13
Signal_3811,3,9,20
Signal_3812,3,1,2
Signal_3813,1,3,1
Signal_3814,5,1,2
Signal_3815,4,7,18
Signal_3816,8,5,15
Signal_3817,6,2,1
Signal_3818,1,8,6
Signal_3819,1,10,5
Signal_3820,1,8,15
Signal_3821,4,7,4
Signal_3822,3,1,11
Signal_3823,9,7,8
Signal_3824,10,9,2
Signal_3825,8,2,11
Signal_3826,7,3,17
Signal_3827,10,6,3
Signal_3828,2,9,13
Signal_3829,8,5,14
Signal_3830,1,4,18
Signal_3831,5,3,6
Signal_3832,6,3,9
Signal_3833,6,6,16
Signal_3834,2,2,15
Signal_3835,2,7,2
Signal_3836,7,9,1
Signal_3837,1,5,14
Signal_3838,1,10,8
Signal_3839,10,7,1
Signal_3840,10,5,9
Signal_3841,8,4,11
Signal_3842,1,8,20
Signal_3843,6,8,15
Signal_3844,2,1,13
Signal_3845,5,4,19
Signal_3846,3,3,1
Signal_3847,2,6,5
Signal_3848,2,10,11
Signal_3849,5,1,13
Signal_3850,1,7,2
Signal_3851,6,6,9
Signal_3852,3,1,4
Signal_3853,7,3,16
Signal_3854,1,1,19
Signal_3855,4,9,10
Signal_3856,4,6,1
Signal_3857,6,3,11
Signal_3858,7,3,15
Signal_3859,3,6,13
Signal_3860,2,2,12
Signal_3861,4,8,1
Signal_3862,1,5,20
Signal_3863,1,8,10
Signal_3864,7,7,13
Signal_3865,9,5,18
Signal_3866,5,8,3
Signal_3867,7,9,18
Signal_3868,4,2,9
Signal_3869,10,4,13
Signal_3870,7,4,9
Signal_3871,7,8,19
Signal_3872,6,9,3
Signal_3873,8,6,3
Signal_3874,6,1,20
Signal_3875,6,5,6
Signal_3876,4,6,13
Signal_3877,4,2,12
Signal_3878,10,5,16
Signal_3879,8,5,5
Signal_3880,7,1,6
Signal_3881,7,1,7
Signal_3882,6,2,8
Signal_3883,7,9,7
Signal_3884,6,3,13
Signal_3885,3,5,5
Signal_3886,8,4,5
Signal_3887,9,3,8
Signal_3888,5,7,12
Signal_3889,3,7,8
Signal_3890,4,10,16
Signal_3891,2,8,5
Signal_3892,4,2,12
Signal_3893,2,8,11
Signal_3894,2,10,18
Signal_3895,2,9,19
Signal_3896,3,1,19
Signal_3897,7,10,19
Signal_3898,3,3,11
Signal_3899,9,5,5
Signal_3900,2,7,13
Signal_3901,7,10,15
Signal_3902,9,6,16
Signal_3903,6,4,6
Signal_3904,9,7,15
Signal_3905,9,5,15
Signal_3906,1,10,16
Signal_3907,2,9,16
Signal_3908,5,1,8
Signal_3909,8,2,12
Signal_3910,1,8,18
Signal_3911,5,3,11
Signal_3912,6,8,10
Signal_3913,4,7,7
Signal_3914,2,5,9
Signal_3915,10,9,14
Signal_3916,3,1,2
Signal_3917,10,5,13
Signal_3918,2,8,17
Signal_3919,2,3,5
Signal_3920,2,8,7
Signal_3921,9,6,18
Signal_3922,1,3,9
Signal_3923,3,1,14
Signal_3924,2,8,15
Signal_3925,7,6,14
Signal_3926,5,7,12
Signal_3927,8,3,7
Signal_3928,3,8,19
Signal_3929,10,8,10
Signal_3930,5,2,9
Signal_3931,10,2,6
Signal_3932,9,4,1
Signal_3933,10,10,9
Signal_3934,6,4,13
Signal_3935,2,5,12
Signal_3936,5,6,11
Signal_3937,2,4,19
Signal_3938,6,5,6
Signal_3939,3,2,14
Signal_3940,9,3,19
Signal_3941,9,8,2
Signal_3942,10,6,2
Signal_3943,3,10,12
Signal_3944,6,2,16
Signal_3945,4,7,2
Signal_3946,8,1,10
Signal_3947,2,7,4
Signal_3948,7,7,16
Signal_3949,10,7,14
Signal_3950,10,5,16
Signal_3951,2,8,18
Signal_3952,10,10,16
Signal_3953,1,4,15
Signal_3954,5,5,2
Signal_3955,1,10,14
Signal_3956,7,6,20
Signal_3957,1,6,4
Signal_3958,3,3,18
Signal_3959,8,8,16
Signal_3960,2,2,4
Signal_3961,8,5,12
Signal_3962,6,2,2
Signal_3963,4,3,8
Signal_3964,4,4,10
Signal_3965,8,3,18
Signal_3966,3,5,10
Signal_3967,2,7,2
Signal_3968,5,10,5
Signal_3969,9,3,4
Signal_3970,6,1,19
Signal_3971,4,2,10
Signal_3972,8,2,2
Signal_3973,8,8,11
Signal_3974,1,10,15
Signal_3975,9,10,14
Signal_3976,1,2,18
Signal_3977,5,3,1
Signal_3978,5,3,5
Signal_3979,5,1,17
Signal_3980,4,10,8
Signal_3981,8,1,8
Signal_3982,5,1,10
Signal_3983,6,10,5
Signal_3984,3,6,8
Signal_3985,3,9,18
Signal_3986,7,2,5
Signal_3987,5,2,18
Signal_3988,8,1,20
Signal_3989,8,7,3
Signal_3990,2,2,17
Signal_3991,6,4,14
Signal_3992,4,1,13
Signal_3993,9,8,5
Signal_3994,5,8,7
Signal_3995,8,4,16
Signal_3996,5,2,12
Signal_3997,8,2,16
Signal_3998,3,8,12
Signal_3999,1,7,9
Signal_4000,9,3,3
Signal_4001,3,3,16
Signal_4002,10,9,7
Signal_4003,5,2,4
Signal_4004,7,2,12
Signal_4005,2,1,2
Signal_4006,2,3,10
Signal_4007,3,8,18
Signal_4008,4,8,10
Signal_4009,5,9,13
Signal_4010,2,8,12
Signal_4011,4,7,15
Signal_4012,6,6,20
Signal_4013,2,4,16
Signal_4014,1,9,11
Signal_4015,10,8,6
Signal_4016,2,5,5
Signal_4017,2,10,19
Signal_4018,10,3,3
Signal_4019,3,8,19
Signal_4020,8,10,9
Signal_4021,5,2,9
Signal_4022,3,4,20
Signal_4023,1,5,1
Signal_4024,5,9,6
Signal_4025,5,3,17
Signal_4026,10,7,9
Signal_4027,3,5,10
Signal_4028,8,1,3
Signal_4029,3,10,10
Signal_4030,3,10,20
Signal_4031,6,2,9
Signal_4032,10,3,17
Signal_4033,1,4,17
Signal_4034,3,3,7
Signal_4035,2,2,8
Signal_4036,9,2,3
Signal_4037,4,9,18
Signal_4038,3,8,14
Signal_4039,5,3,7
Signal_4040,10,8,18
Signal_4041,4,2,16
Signal_4042,5,6,9
Signal_4043,2,4,15
Signal_4044,6,7,1
Signal_4045,9,6,14
Signal_4046,9,5,3
Signal_4047,2,6,13
Signal_4048,1,7,15
Signal_4049,7,4,9
Signal_4050,1,10,19
Signal_4051,10,6,3
Signal_4052,3,4,2
Signal_4053,2,10,4
Signal_4054,7,3,13
Signal_4055,9,8,6
Signal_4056,5,1,9
Signal_4057,4,10,18
Signal_4058,7,9,19
Signal_4059,9,7,2
Signal_4060,8,1,12
Signal_4061,3,1,5
Signal_4062,10,1,9
Signal_4063,3,9,3
Signal_4064,1,10,8
Signal_4065,10,8,2
Signal_4066,8,4,20
Signal_4067,4,9,17
Signal_4068,3,3,15
Signal_4069,7,10,18
Signal_4070,8,9,19
Signal_4071,10,8,11
Signal_4072,8,10,13
Signal_4073,3,3,8
Signal_4074,2,5,6
Signal_4075,6,3,4
Signal_4076,9,1,20
Signal_4077,10,1,8
Signal_4078,6,3,6
Signal_4079,7,4,1
Signal_4080,2,8,1
Signal_4081,6,9,5
Signal_4082,10,10,13
Signal_4083,1,3,15
Signal_4084,8,9,8
Signal_4085,3,10,9
Signal_4086,8,8,3
Signal_4087,6,6,12
Signal_4088,5,1,19
Signal_4089,5,8,19
Signal_4090,9,1,12
Signal_4091,10,8,18
Signal_4092,6,5,15
Signal_4093,6,1,8
Signal_4094,10,5,2
Signal_4095,3,9,13
Signal_4096,9,4,19
Signal_4097,8,5,8
Signal_4098,6,7,15
Signal_4099,8,8,18
Signal_4100,7,3,2
Signal_4101,10,4,16
Signal_4102,5,1,11
Signal_4103,3,7,1
Signal_4104,4,7,20
Signal_4105,7,3,14
Signal_4106,4,7,8
Signal_4107,10,6,6
Signal_4108,5,9,4
Signal_4109,1,7,17
Signal_4110,8,1,19
Signal_4111,6,10,7
Signal_4112,4,6,19
Signal_4113,3,6,1
Signal_4114,2,6,10
Signal_4115,8,6,20
Signal_4116,8,2,3
Signal_4117,8,6,13
Signal_4118,5,10,13
Signal_4119,2,5,9
Signal_4120,9,8,5
Signal_4121,2,10,9
Signal_4122,6,4,14
Signal_4123,7,9,12
Signal_4124,3,9,5
Signal_4125,5,3,17
Signal_4126,10,2,15
Signal_4127,6,9,7
Signal_4128,6,6,2
Signal_4129,10,2,15
Signal_4130,5,1,8
Signal_4131,7,4,18
Signal_4132,1,1,11
Signal_4133,10,7,7
Signal_4134,6,4,3
Signal_4135,10,9,9
Signal_4136,3,10,18
Signal_4137,3,10,12
Signal_4138,5,8,19
Signal_4139,7,2,10
Signal_4140,4,6,9
Signal_4141,4,7,12
Signal_4142,10,9,14
Signal_4143,6,9,13
Signal_4144,8,2,13
Signal_4145,9,6,9
Signal_4146,7,4,19
Signal_4147,4,2,15
Signal_4148,8,1,15
Signal_4149,5,2,9
Signal_4150,1,4,7
Signal_4151,7,1,14
Signal_4152,7,2,2
Signal_4153,5,9,16
Signal_4154,7,7,18
Signal_4155,1,10,17
Signal_4156,2,6,16
Signal_4157,6,8,14
Signal_4158,10,1,9
Signal_4159,5,6,16
Signal_4160,5,2,5
Signal_4161,3,6,4
Signal_4162,2,3,4
Signal_4163,9,6,3
Signal_4164,8,8,5
Signal_4165,10,1,5
Signal_4166,6,3,5
Signal_4167,6,3,11
Signal_4168,4,6,15
Signal_4169,6,8,17
Signal_4170,4,8,5
Signal_4171,7,5,16
Signal_4172,10,9,17
Signal_4173,8,7,5
Signal_4174,2,7,3
Signal_4175,1,9,11
Signal_4176,7,6,19
Signal_4177,3,7,7
Signal_4178,5,4,6
Signal_4179,4,10,14
Signal_4180,7,4,8
Signal_4181,6,9,2
Signal_4182,5,4,19
Signal_4183,1,8,17
Signal_4184,10,5,19
Signal_4185,8,7,8
Signal_4186,3,4,9
Signal_4187,8,5,7
Signal_4188,1,7,11
Signal_4189,10,2,10
Signal_4190,2,10,12
Signal_4191,2,2,8
Signal_4192,6,6,20
Signal_4193,1,4,7
Signal_4194,2,4,15
Signal_4195,3,6,18
Signal_4196,7,3,13
Signal_4197,5,10,19
Signal_4198,5,2,20
Signal_4199,10,1,13
Signal_4200,5,1,18
Signal_4201,2,9,17
Signal_4202,10,3,5
Signal_4203,8,4,20
Signal_4204,9,6,20
Signal_4205,6,4,19
Signal_4206,7,2,6
Signal_4207,2,10,4
Signal_4208,10,1,9
Signal_4209,6,5,9
Signal_4210,4,1,12
Signal_4211,4,5,15
Signal_4212,4,3,15
Signal_4213,7,2,5
Signal_4214,6,8,1
Signal_4215,7,2,8
Signal_4216,6,2,17
Signal_4217,7,6,15
Signal_4218,3,7,8
Signal_4219,3,4,1
Signal_4220,1,6,20
Signal_4221,6,1,4
Signal_4222,2,8,15
Signal_4223,2,9,7
Signal_4224,3,9,19
Signal_4225,5,9,20
Signal_4226,10,10,1
Signal_4227,6,6,19
Signal_4228,8,7,15
Signal_4229,4,8,6
Signal_4230,1,5,12
Signal_4231,3,10,19
Signal_4232,10,5,4
Signal_4233,1,4,19
Signal_4234,4,8,17
Signal_4235,5,7,6
Signal_4236,10,7,10
Signal_4237,4,10,18
Signal_4238,7,7,8
Signal_4239,1,7,8
Signal_4240,2,6,7
Signal_4241,3,3,13
Signal_4242,2,10,10
Signal_4243,3,1,18
Signal_4244,9,1,11
Signal_4245,4,1,1
Signal_4246,9,8,16
Signal_4247,10,3,3
Signal_4248,3,7,19
Signal_4249,5,4,13
Signal_4250,8,1,18
Signal_4251,9,2,3
Signal_4252,5,5,6
Signal_4253,4,6,2
Signal_4254,2,7,2
Signal_4255,8,5,4
Signal_4256,7,6,19
Signal_4257,10,7,15
Signal_4258,10,7,20
Signal_4259,4,3,10
Signal_4260,6,8,1
Signal_4261,10,9,6
Signal_4262,8,4,15
Signal_4263,1,8,8
Signal_4264,7,8,8
Signal_4265,10,8,3
Signal_4266,7,9,16
Signal_4267,5,3,19
Signal_4268,5,10,8
Signal_4269,10,1,16
Signal_4270,8,8,8
Signal_4271,9,9,7
Signal_4272,1,1,11
Signal_4273,7,6,1
Signal_4274,6,8,14
Signal_4275,9,7,3
Signal_4276,9,2,6
Signal_4277,4,10,8
Signal_4278,9,10,20
Signal_4279,1,3,18
Signal_4280,4,3,7
Signal_4281,5,5,13
Signal_4282,8,1,10
Signal_4283,1,1,3
Signal_4284,1,7,14
Signal_4285,6,5,18
Signal_4286,3,8,4
Signal_4287,5,2,1
Signal_4288,5,2,9
Signal_4289,7,6,15
Signal_4290,10,2,16
Signal_4291,9,2,5
Signal_4292,7,5,12
Signal_4293,1,1,4
Signal_4294,10,3,11
Signal_4295,3,5,1
Signal_4296,9,10,14
Signal_4297,2,1,7
Signal_4298,4,1,4
Signal_4299,10,2,3
Signal_4300,4,7,17
Signal_4301,5,3,5
Signal_4302,5,7,11
Signal_4303,7,2,3
Signal_4304,3,10,11
Signal_4305,9,3,11
Signal_4306,7,1,15
Signal_4307,6,5,8
Signal_4308,6,5,4
Signal_4309,9,3,16
Signal_4310,3,5,3
Signal_4311,1,5,7
Signal_4312,1,10,13
Signal_4313,7,9,7
Signal_4314,8,3,14
Signal_4315,10,1,20
Signal_4316,4,1,4
Signal_4317,8,2,11
Signal_4318,7,2,19
Signal_4319,7,2,8
Signal_4320,7,6,13
Signal_4321,5,10,19
Signal_4322,6,4,19
Signal_4323,6,10,20
Signal_4324,8,10,14
Signal_4325,4,7,14
Signal_4326,10,6,5
Signal_4327,9,10,6
Signal_4328,4,4,14
Signal_4329,10,2,4
Signal_4330,4,8,14
Signal_4331,8,6,11
Signal_4332,5,5,5
Signal_4333,7,10,8
Signal_4334,2,1,19
Signal_4335,9,9,19
Signal_4336,9,2,9
Signal_4337,5,8,5
Signal_4338,7,2,15
Signal_4339,6,7,15
Signal_4340,3,8,20
Signal_4341,6,7,20
Signal_4342,8,4,15
Signal_4343,3,3,5
Signal_4344,8,6,6
Signal_4345,2,9,10
Signal_4346,9,10,19
Signal_4347,7,4,15
Signal_4348,8,4,10
Signal_4349,5,2,16
Signal_4350,10,1,9
Signal_4351,5,8,8
Signal_4352,9,5,1
Signal_4353,4,2,11
Signal_4354,8,10,1
Signal_4355,10,7,3
Signal_4356,5,4,1
Signal_4357,9,4,14
Signal_4358,10,4,8
Signal_4359,10,3,4
Signal_4360,9,7,11
Signal_4361,6,8,13
Signal_4362,4,9,10
Signal_4363,6,8,8
Signal_4364,10,5,14
Signal_4365,7,8,7
Signal_4366,5,10,2
Signal_4367,8,3,11
Signal_4368,9,4,2
Signal_4369,5,3,2
Signal_4370,9,1,2
Signal_4371,4,10,14
Signal_4372,7,5,16
Signal_4373,3,10,8
Signal_4374,10,4,6
Signal_4375,9,2,3
Signal_4376,1,9,17
Signal_4377,7,9,4
Signal_4378,10,7,17
Signal_4379,7,9,19
Signal_4380,7,10,1
Signal_4381,4,9,15
Signal_4382,7,5,1
Signal_4383,7,2,5
Signal_4384,1,7,13
Signal_4385,4,9,20
Signal_4386,7,4,18
Signal_4387,10,9,15
Signal_4388,1,10,18
Signal_4389,9,9,2
Signal_4390,2,7,18
Signal_4391,10,1,8
Signal_4392,1,4,14
Signal_4393,7,2,7
Signal_4394,4,5,4
Signal_4395,6,3,2
Signal_4396,9,6,4
Signal_4397,8,1,11
Signal_4398,10,1,5
Signal_4399,6,9,6
Signal_4400,10,10,15
Signal_4401,5,2,15
Signal_4402,9,4,2
Signal_4403,1,2,2
Signal_4404,3,9,18
Signal_4405,10,3,18
Signal_4406,6,8,12
Signal_4407,2,6,5
Signal_4408,4,2,11
Signal_4409,10,9,13
Signal_4410,10,1,20
Signal_4411,6,2,8
Signal_4412,6,6,8
Signal_4413,7,4,3
Signal_4414,8,1,14
Signal_4415,3,4,3
Signal_4416,8,3,6
Signal_4417,1,5,1
Signal_4418,3,3,20
Signal_4419,2,3,2
Signal_4420,2,10,13
Signal_4421,6,4,4
Signal_4422,8,1,15
Signal_4423,8,2,11
Signal_4424,4,9,10
Signal_4425,8,4,19
Signal_4426,1,4,16
Signal_4427,8,3,1
Signal_4428,2,3,16
Signal_4429,4,7,19
Signal_4430,6,1,2
Signal_4431,9,1,13
Signal_4432,6,8,8
Signal_4433,4,8,4
Signal_4434,4,3,9
Signal_4435,2,9,8
Signal_4436,3,2,3
Signal_4437,2,3,2
Signal_4438,6,5,3
Signal_4439,2,6,18
Signal_4440,9,10,8
Signal_4441,7,2,18
Signal_4442,9,8,16
Signal_4443,8,9,9
Signal_4444,2,3,15
Signal_4445,10,3,18
Signal_4446,4,4,18
Signal_4447,1,9,6
Signal_4448,4,5,4
Signal_4449,4,4,7
Signal_4450,3,1,14
Signal_4451,6,3,7
Signal_4452,5,1,18
Signal_4453,4,3,6
Signal_4454,9,7,20
Signal_4455,3,9,6
Signal_4456,8,7,10
Signal_4457,8,7,17
Signal_4458,5,5,11
Signal_4459,10,7,16
Signal_4460,9,2,14
Signal_4461,2,1,19
Signal_4462,6,10,16
Signal_4463,8,10,20
Signal_4464,5,1,14
Signal_4465,10,8,7
Signal_4466,8,3,7
Signal_4467,10,6,4
Signal_4468,10,4,8
Signal_4469,3,5,15
Signal_4470,9,4,6
Signal_4471,1,2,19
Signal_4472,1,4,8
Signal_4473,1,6,10
Signal_4474,8,3,9
Signal_4475,5,4,20
Signal_4476,3,4,3
Signal_4477,8,2,6
Signal_4478,3,9,13
Signal_4479,8,10,18
Signal_4480,7,4,7
Signal_4481,3,10,3
Signal_4482,6,2,19
Signal_4483,4,3,15
Signal_4484,1,7,2
Signal_4485,3,2,17
Signal_4486,4,7,17
Signal_4487,5,3,12
Signal_4488,1,3,19
Signal_4489,9,5,14
Signal_4490,4,4,20
Signal_4491,7,10,13
Signal_4492,4,8,10
Signal_4493,10,3,7
Signal_4494,3,2,8
Signal_4495,9,3,9
Signal_4496,10,8,15
Signal_4497,1,8,12
Signal_4498,7,9,4
Signal_4499,6,3,10
Signal_4500,7,6,15
Signal_4501,10,4,13
Signal_4502,3,1,3
Signal_4503,9,3,1
Signal_4504,9,6,10
Signal_4505,8,9,1
Signal_4506,8,3,7
Signal_4507,9,6,11
Signal_4508,8,8,1
Signal_4509,7,8,7
Signal_4510,1,6,16
Signal_4511,6,2,1
Signal_4512,4,8,20
Signal_4513,8,7,13
Signal_4514,2,1,17
Signal_4515,7,2,18
Signal_4516,8,8,16
Signal_4517,6,2,19
Signal_4518,3,2,18
Signal_4519,4,10,14
Signal_4520,4,7,17
Signal_4521,5,6,5
Signal_4522,5,8,1
Signal_4523,8,2,14
Signal_4524,4,3,17
Signal_4525,3,5,15
Signal_4526,3,3,5
Signal_4527,5,3,3
Signal_4528,9,6,15
Signal_4529,1,7,16
Signal_4530,9,10,4
Signal_4531,5,9,16
Signal_4532,7,9,19
Signal_4533,5,2,3
Signal_4534,4,6,8
Signal_4535,6,5,20
Signal_4536,5,3,6
Signal_4537,3,9,7
Signal_4538,8,7,11
Signal_4539,1,10,16
Signal_4540,4,8,6
Signal_4541,8,7,6
Signal_4542,10,2,1
Signal_4543,4,8,10
Signal_4544,6,2,15
Signal_4545,2,4,20
Signal_4546,9,2,20
Signal_4547,10,4,15
Signal_4548,3,9,17
Signal_4549,5,9,5
Signal_4550,7,5,18
Signal_4551,5,6,1
Signal_4552,1,10,11
Signal_4553,5,3,3
Signal_4554,1,7,5
Signal_4555,8,4,19
Signal_4556,7,8,20
Signal_4557,10,4,19
Signal_4558,3,7,20
Signal_4559,8,3,12
Signal_4560,8,9,17
Signal_4561,2,6,3
Signal_4562,5,3,11
Signal_4563,9,8,8
Signal_4564,10,9,18
Signal_4565,7,7,9
Signal_4566,3,5,8
Signal_4567,7,5,6
Signal_4568,7,5,5
Signal_4569,2,8,2
Signal_4570,10,1,4
Signal_4571,4,1,6
Signal_4572,2,10,6
Signal_4573,2,8,10
Signal_4574,2,2,5
Signal_4575,1,6,8
Signal_4576,6,6,4
Signal_4577,4,1,9
Signal_4578,2,1,14
Signal_4579,1,6,12
Signal_4580,7,10,19
Signal_4581,2,10,5
Signal_4582,6,6,8
Signal_4583,5,8,4
Signal_4584,8,7,14
Signal_4585,10,10,11
Signal_4586,7,1,8
Signal_4587,1,8,3
Signal_4588,2,4,15
Signal_4589,5,1,8
Signal_4590,2,5,8
Signal_4591,3,10,15
Signal_4592,5,2,15
Signal_4593,6,7,14
Signal_4594,5,7,4
Signal_4595,2,9,4
Signal_4596,7,4,11
Signal_4597,7,5,17
Signal_4598,10,7,3
Signal_4599,4,9,1
Signal_4600,7,10,16
Signal_4601,2,2,2
Signal_4602,9,4,4
Signal_4603,1,9,2
Signal_4604,2,7,15
Signal_4605,6,5,16
Signal_4606,10,7,13
Signal_4607,6,1,9
Signal_4608,3,7,14
Signal_4609,10,6,13
Signal_4610,7,9,12
Signal_4611,1,5,7
Signal_4612,4,1,13
Signal_4613,6,5,12
Signal_4614,8,8,19
Signal_4615,4,9,15
Signal_4616,6,7,12
Signal_4617,5,2,1
Signal_4618,5,3,6
Signal_4619,9,2,18
Signal_4620,8,8,12
Signal_4621,4,1,18
Signal_4622,6,2,3
Signal_4623,2,3,9
Signal_4624,10,9,14
Signal_4625,2,4,9
Signal_4626,9,8,12
Signal_4627,4,6,13
Signal_4628,4,2,8
Signal_4629,8,7,7
Signal_4630,7,4,7
Signal_4631,8,2,8
Signal_4632,10,10,6
Signal_4633,1,7,14
Signal_4634,7,5,1
Signal_4635,1,2,3
Signal_4636,10,3,7
Signal_4637,1,1,5
Signal_4638,10,5,13
Signal_4639,7,2,9
Signal_4640,8,5,13
Signal_4641,3,5,6
Signal_4642,6,1,1
Signal_4643,4,10,16
Signal_4644,6,2,7
Signal_4645,9,6,4
Signal_4646,10,2,14
Signal_4647,6,4,1
Signal_4648,5,1,11
Signal_4649,9,7,11
Signal_4650,5,1,17
Signal_4651,6,6,18
Signal_4652,2,4,8
Signal_4653,7,10,6
Signal_4654,10,1,12
Signal_4655,5,8,15
Signal_4656,5,9,6
Signal_4657,9,1,8
Signal_4658,2,6,11
Signal_4659,5,2,17
Signal_4660,9,5,5
Signal_4661,3,10,5
Signal_4662,7,5,9
Signal_4663,8,6,5
Signal_4664,9,5,18
Signal_4665,7,10,3
Signal_4666,2,1,16
Signal_4667,9,8,13
Signal_4668,1,5,15
Signal_4669,5,6,19
Signal_4670,1,8,11
Signal_4671,2,9,2
Signal_4672,9,3,20
Signal_4673,9,1,17
Signal_4674,9,2,18
Signal_4675,2,6,6
Signal_4676,7,2,18
Signal_4677,10,5,11
Signal_4678,7,5,7
Signal_4679,7,9,13
Signal_4680,2,9,4
Signal_4681,7,4,9
Signal_4682,10,10,19
Signal_4683,7,6,6
Signal_4684,6,2,17
Signal_4685,1,3,1
Signal_4686,10,4,10
Signal_4687,9,1,12
Signal_4688,4,7,6
Signal_4689,8,2,6
Signal_4690,2,10,3
Signal_4691,10,10,13
Signal_4692,2,10,17
Signal_4693,6,1,9
Signal_4694,9,1,20
Signal_4695,5,4,15
Signal_4696,9,7,12
Signal_4697,5,8,12
Signal_4698,1,2,10
Signal_4699,10,9,17
Signal_4700,5,5,9
Signal_4701,4,10,4
Signal_4702,8,6,20
Signal_4703,4,9,5
Signal_4704,8,1,13
Signal_4705,4,4,6
Signal_4706,7,8,2
Signal_4707,1,1,12
Signal_4708,6,1,4
Signal_4709,7,4,12
Signal_4710,1,6,2
Signal_4711,7,5,15
Signal_4712,2,10,8
Signal_4713,10,6,8
Signal_4714,5,1,14
Signal_4715,9,5,16
Signal_4716,3,9,2
Signal_4717,1,7,7
Signal_4718,9,4,19
Signal_4719,2,10,9
Signal_4720,6,2,14
Signal_4721,4,9,16
Signal_4722,2,2,6
Signal_4723,2,7,15
Signal_4724,9,8,12
Signal_4725,4,8,9
Signal_4726,4,8,3
Signal_4727,10,4,17
Signal_4728,4,4,9
Signal_4729,2,5,3
Signal_4730,6,8,17
Signal_4731,4,8,14
Signal_4732,3,4,1
Signal_4733,6,10,5
Signal_4734,9,7,18
Signal_4735,5,9,15
Signal_4736,10,1,2
Signal_4737,9,4,8
Signal_4738,3,10,13
Signal_4739,6,8,1
Signal_4740,4,1,16
Signal_4741,9,6,1
Signal_4742,10,6,4
Signal_4743,7,4,17
Signal_4744,5,9,18
Signal_4745,7,6,1
Signal_4746,3,1,9
Signal_4747,8,3,10
Signal_4748,5,9,20
Signal_4749,10,8,1
Signal_4750,1,9,6
Signal_4751,10,8,17
Signal_4752,8,7,16
Signal_4753,2,5,1
Signal_4754,7,5,17
Signal_4755,10,8,5
Signal_4756,1,10,4
Signal_4757,8,8,15
Signal_4758,3,4,9
Signal_4759,3,8,6
Signal_4760,9,10,9
Signal_4761,10,7,9
Signal_4762,6,7,20
Signal_4763,1,4,19
Signal_4764,10,1,10
Signal_4765,4,4,1
Signal_4766,9,1,3
Signal_4767,7,10,16
Signal_4768,1,8,12
Signal_4769,1,1,11
Signal_4770,9,8,19
Signal_4771,6,7,8
Signal_4772,1,4,8
Signal_4773,9,9,3
Signal_4774,5,5,3
Signal_4775,10,4,2
Signal_4776,8,1,17
Signal_4777,9,7,16
Signal_4778,1,9,1
Signal_4779,2,7,16
Signal_4780,5,9,2
Signal_4781,8,4,14
Signal_4782,5,1,12
Signal_4783,4,8,3
Signal_4784,2,5,5
Signal_4785,7,6,7
Signal_4786,8,3,15
Signal_4787,8,2,14
Signal_4788,1,8,13
Signal_4789,10,9,2
Signal_4790,2,5,9
Signal_4791,7,7,9
Signal_4792,7,1,3
Signal_4793,4,10,6
Signal_4794,2,4,14
Signal_4795,7,3,12
Signal_4796,3,8,8
Signal_4797,4,8,17
Signal_4798,6,1,18
Signal_4799,6,8,1
Signal_4800,2,6,8
Signal_4801,1,7,6
Signal_4802,10,2,6
Signal_4803,1,1,10
Signal_4804,7,6,20
Signal_4805,2,10,4
Signal_4806,5,3,7
Signal_4807,9,5,12
Signal_4808,7,7,17
Signal_4809,5,6,7
Signal_4810,6,6,10
Signal_4811,10,10,13
Signal_4812,4,10,15
Signal_4813,6,7,9
Signal_4814,10,10,2
Signal_4815,9,6,4
Signal_4816,2,3,18
Signal_4817,3,9,19
Signal_4818,3,10,13
Signal_4819,9,3,13
Signal_4820,6,9,4
Signal_4821,7,3,1
Signal_4822,10,8,4
Signal_4823,7,2,4
Signal_4824,1,6,11
Signal_4825,2,3,8
Signal_4826,3,3,14
Signal_4827,6,1,12
Signal_4828,4,9,1
Signal_4829,8,3,8
Signal_4830,6,4,18
Signal_4831,1,10,10
Signal_4832,10,3,4
Signal_4833,8,10,5
Signal_4834,8,2,5
Signal_4835,3,6,10
Signal_4836,1,10,6
Signal_4837,9,4,10
Signal_4838,7,3,19
Signal_4839,5,6,1
Signal_4840,5,7,1
Signal_4841,1,6,6
Signal_4842,2,4,6
Signal_4843,1,10,16
Signal_4844,4,7,15
Signal_4845,10,4,9
Signal_4846,9,5,16
Signal_4847,9,10,20
Signal_4848,3,7,18
Signal_4849,10,8,2
Signal_4850,5,8,5
Signal_4851,2,10,8
Signal_4852,9,5,1
Signal_4853,7,9,11
Signal_4854,6,5,12
Signal_4855,9,3,16
Signal_4856,8,3,4
Signal_4857,7,7,19
Signal_4858,9,2,5
Signal_4859,7,4,4
Signal_4860,2,1,11
Signal_4861,8,10,1
Signal_4862,3,4,3
Signal_4863,8,6,1
Signal_4864,5,8,15
Signal_4865,4,2,10
Signal_4866,1,9,8
Signal_4867,9,4,15
Signal_4868,6,4,17
Signal_4869,2,3,12
Signal_4870,3,2,2
Signal_4871,8,9,15
Signal_4872,6,1,8
Signal_4873,4,8,2
Signal_4874,8,8,3
Signal_4875,5,6,17
Signal_4876,8,3,12
Signal_4877,7,4,10
Signal_4878,3,10,7
Signal_4879,3,8,4
Signal_4880,6,7,5
Signal_4881,9,1,20
Signal_4882,5,5,16
Signal_4883,3,9,13
Signal_4884,7,3,20
Signal_4885,2,8,20
Signal_4886,4,2,6
Signal_4887,8,1,8
Signal_4888,5,7,16
Signal_4889,1,8,9
Signal_4890,5,10,5
Signal_4891,6,5,20
Signal_4892,1,3,1
Signal_4893,8,1,4
Signal_4894,10,8,2
Signal_4895,7,4,20
Signal_4896,1,1,7
Signal_4897,1,3,15
Signal_4898,6,4,19
Signal_4899,2,2,4
Signal_4900,3,3,14
Signal_4901,1,6,11
Signal_4902,3,6,10
Signal_4903,6,7,1
Signal_4904,1,8,9
Signal_4905,2,2,18
Signal_4906,3,5,17
Signal_4907,9,4,16
Signal_4908,8,2,14
Signal_4909,5,2,4
Signal_4910,2,7,14
Signal_4911,8,4,16
Signal_4912,2,3,17
Signal_4913,3,1,19
Signal_4914,5,3,8
Signal_4915,4,7,19
Signal_4916,9,1,10
Signal_4917,3,9,18
Signal_4918,2,10,2
Signal_4919,4,4,1
Signal_4920,2,9,15
Signal_4921,7,6,18
Signal_4922,9,9,3
Signal_4923,7,1,9
Signal_4924,10,5,13
Signal_4925,9,5,2
Signal_4926,6,4,1
Signal_4927,7,7,4
Signal_4928,4,5,7
Signal_4929,9,4,18
Signal_4930,5,9,14
Signal_4931,1,7,1
Signal_4932,7,7,8
Signal_4933,1,3,1
Signal_4934,3,9,3
Signal_4935,3,10,3
Signal_4936,6,7,13
Signal_4937,6,5,13
Signal_4938,8,5,17
Signal_4939,6,8,18
Signal_4940,3,5,4
Signal_4941,6,2,11
Signal_4942,4,4,15
Signal_4943,2,9,5
Signal_4944,5,10,13
Signal_4945,1,9,2
Signal_4946,10,10,19
Signal_4947,6,8,10
Signal_4948,1,5,12
Signal_4949,4,9,9
Signal_4950,9,5,6
Signal_4951,7,6,12
Signal_4952,5,8,9
Signal_4953,5,1,19
Signal_4954,3,5,5
Signal_4955,4,4,18
Signal_4956,9,8,11
Signal_4957,8,7,6
Signal_4958,3,5,18
Signal_4959,6,4,5
Signal_4960,6,6,6
Signal_4961,2,2,17
Signal_4962,8,6,12
Signal_4963,10,9,2
Signal_4964,6,8,6
Signal_4965,10,2,13
Signal_4966,7,6,15
Signal_4967,2,10,7
Signal_4968,8,8,10
Signal_4969,1,1,3
Signal_4970,9,10,14
Signal_4971,1,10,19
Signal_4972,8,6,6
Signal_4973,9,1,4
Signal_4974,5,7,14
Signal_4975,7,10,20
Signal_4976,6,8,19
Signal_4977,10,7,19
Signal_4978,3,10,19
Signal_4979,3,6,17
Signal_4980,4,2,15
Signal_4981,4,7,17
Signal_4982,8,5,9
Signal_4983,9,5,11
Signal_4984,8,9,1
Signal_4985,3,6,7
Signal_4986,1,8,14
Signal_4987,2,9,19
Signal_4988,2,8,13
Signal_4989,4,2,9
Signal_4990,2,9,3
Signal_4991,5,1,7
Signal_4992,9,4,15
Signal_4993,2,10,4
Signal_4994,4,4,16
Signal_4995,8,10,15
Signal_4996,5,2,15
Signal_4997,4,6,20
Signal_4998,6,1,15
Signal_4999,7,6,20
